country,submarket,year,list_type,brand,weekly_reach_pct,outlet_id,domain,notes,source
USA,,2016,offline,Local televison news,33,usa_local_tv,,"printed spelling (typo); generic category, not a single outlet","DNR 2016, p. 33"
USA,,2016,offline,Fox News,31,usa_fox,,,"DNR 2016, p. 33"
USA,,2016,offline,NBC/MSNBC News,25,usa_nbc_msnbc,,,"DNR 2016, p. 33"
USA,,2016,offline,ABC News,24,usa_abc,,,"DNR 2016, p. 33"
USA,,2016,offline,A regional or local newspaper,24,usa_local_newspaper,,"generic category, not a single outlet","DNR 2016, p. 33"
USA,,2016,offline,CBS News,24,usa_cbs,,,"DNR 2016, p. 33"
USA,,2016,offline,CNN,24,usa_cnn,,,"DNR 2016, p. 33"
USA,,2016,offline,Local radio news,18,usa_local_radio,,"generic category, not a single outlet","DNR 2016, p. 33"
USA,,2016,offline,BBC News,10,usa_bbc,,,"DNR 2016, p. 33"
USA,,2016,offline,"City paper (e.g. Boston Globe, Chicago Tribune etc)",9,usa_city_paper,,"generic category, not a single outlet","DNR 2016, p. 33"
USA,,2016,offline,PBS News,9,usa_pbs,,,"DNR 2016, p. 33"
USA,,2016,offline,NPR News,9,usa_npr,,,"DNR 2016, p. 33"
USA,,2016,offline,New York Times,8,usa_new_york_times,,,"DNR 2016, p. 33"
USA,,2016,offline,USA Today,8,usa_usa_today,,,"DNR 2016, p. 33"
USA,,2016,offline,A free city paper such as Metro,6,usa_free_city_paper,,"generic category, not a single outlet","DNR 2016, p. 33"
USA,,2016,offline,Washington Post,5,usa_washington_post,,,"DNR 2016, p. 33"
USA,,2016,online,Yahoo News,28,usa_yahoo,,,"DNR 2016, p. 33"
USA,,2016,online,Huffington Post,25,usa_huffington_post,,,"DNR 2016, p. 33"
USA,,2016,online,Fox News online,22,usa_fox,,,"DNR 2016, p. 33"
USA,,2016,online,CNN online,21,usa_cnn,,,"DNR 2016, p. 33"
USA,,2016,online,Local television news online,21,usa_local_tv,,"generic category, not a single outlet","DNR 2016, p. 33"
USA,,2016,online,Website of a local newspaper,20,usa_local_newspaper,,"generic category, not a single outlet","DNR 2016, p. 33"
USA,,2016,online,MSN News,17,usa_msn,,,"DNR 2016, p. 33"
USA,,2016,online,BuzzFeed News,16,usa_buzzfeed,,,"DNR 2016, p. 33"
USA,,2016,online,NBC/MSNBC News,16,usa_nbc_msnbc,,,"DNR 2016, p. 33"
USA,,2016,online,New York Times online,14,usa_new_york_times,,,"DNR 2016, p. 33"
USA,,2016,online,ABC News online,13,usa_abc,,,"DNR 2016, p. 33"
USA,,2016,online,Washington Post online,12,usa_washington_post,,,"DNR 2016, p. 33"
USA,,2016,online,CBS News online,12,usa_cbs,,,"DNR 2016, p. 33"
USA,,2016,online,Website of a city paper,12,usa_city_paper,,"generic category, not a single outlet","DNR 2016, p. 33"
USA,,2016,online,USA Today online,11,usa_usa_today,,,"DNR 2016, p. 33"
USA,,2016,online,BBC News online,10,usa_bbc,,,"DNR 2016, p. 33"
GBR,,2016,offline,BBC News,66,gbr_bbc,,,"DNR 2016, p. 35"
GBR,,2016,offline,ITV News,31,gbr_itv,,,"DNR 2016, p. 35"
GBR,,2016,offline,Sky News,22,gbr_sky,,,"DNR 2016, p. 35"
GBR,,2016,offline,The Sun (and Sunday),14,gbr_sun,,,"DNR 2016, p. 35"
GBR,,2016,offline,Daily Mail (and Sunday),13,gbr_daily_mail,,,"DNR 2016, p. 35"
GBR,,2016,offline,Daily Mirror (and Sunday),11,gbr_daily_mirror,,,"DNR 2016, p. 35"
GBR,,2016,offline,Regional or local newspaper,11,gbr_local_newspaper,,"generic category, not a single outlet","DNR 2016, p. 35"
GBR,,2016,offline,Metro,11,gbr_metro,,,"DNR 2016, p. 35"
GBR,,2016,offline,Channel 4 News,9,gbr_channel_4,,,"DNR 2016, p. 35"
GBR,,2016,offline,Commercial radio news,9,gbr_commercial_radio,,"generic category, not a single outlet","DNR 2016, p. 35"
GBR,,2016,offline,The Times/Sunday Times,7,gbr_times,,,"DNR 2016, p. 35"
GBR,,2016,offline,Daily Telegraph (and Sunday),6,gbr_telegraph,,,"DNR 2016, p. 35"
GBR,,2016,offline,London Evening Standard,5,gbr_london_evening_standard,,,"DNR 2016, p. 35"
GBR,,2016,offline,The Guardian/Observer,4,gbr_guardian,,,"DNR 2016, p. 35"
GBR,,2016,offline,Channel 5 News,4,gbr_channel_5,,,"DNR 2016, p. 35"
GBR,,2016,offline,‘i’,3,gbr_i,,"kept separate from The Independent (sister paper, sold to Johnston Press Apr 2016)","DNR 2016, p. 35"
GBR,,2016,online,BBC News online,51,gbr_bbc,,,"DNR 2016, p. 35"
GBR,,2016,online,Mail Online,17,gbr_daily_mail,,,"DNR 2016, p. 35"
GBR,,2016,online,Huffington Post,14,gbr_huffington_post,,,"DNR 2016, p. 35"
GBR,,2016,online,The Guardian online,14,gbr_guardian,,,"DNR 2016, p. 35"
GBR,,2016,online,Sky News online,11,gbr_sky,,,"DNR 2016, p. 35"
GBR,,2016,online,Website of a local paper,11,gbr_local_newspaper,,"generic category, not a single outlet","DNR 2016, p. 35"
GBR,,2016,online,Buzzfeed News,9,gbr_buzzfeed,,,"DNR 2016, p. 35"
GBR,,2016,online,The Telegraph online,9,gbr_telegraph,,,"DNR 2016, p. 35"
GBR,,2016,online,The Mirror online,8,gbr_daily_mirror,,,"DNR 2016, p. 35"
GBR,,2016,online,MSN News,8,gbr_msn,,,"DNR 2016, p. 35"
GBR,,2016,online,Yahoo News,7,gbr_yahoo,,,"DNR 2016, p. 35"
GBR,,2016,online,The Independent/i100 online,6,gbr_independent,,,"DNR 2016, p. 35"
GBR,,2016,online,ITV News online,5,gbr_itv,,,"DNR 2016, p. 35"
GBR,,2016,online,The Sun online,5,gbr_sun,,,"DNR 2016, p. 35"
GBR,,2016,online,The Lad Bible,4,gbr_lad_bible,,,"DNR 2016, p. 35"
GBR,,2016,online,The Times online,2,gbr_times,,,"DNR 2016, p. 35"
DEU,,2016,offline,"ARD (inc. Tagesschau, Tagesthemen, etc)",54,deu_ard,,,"DNR 2016, p. 37"
DEU,,2016,offline,"ZDF (inc. heute, heute-journal, etc)",46,deu_zdf,,,"DNR 2016, p. 37"
DEU,,2016,offline,RTL aktuell,35,deu_rtl,,,"DNR 2016, p. 37"
DEU,,2016,offline,A regional or local newspaper,32,deu_local_newspaper,,"generic category, not a single outlet","DNR 2016, p. 37"
DEU,,2016,offline,n-tv,24,deu_n_tv,,,"DNR 2016, p. 37"
DEU,,2016,offline,N24,24,deu_n24,,,"DNR 2016, p. 37"
DEU,,2016,offline,Public radio news,20,deu_public_radio,,"generic category, not a single outlet","DNR 2016, p. 37"
DEU,,2016,offline,Regional TV news,19,deu_regional_tv,,"generic category, not a single outlet","DNR 2016, p. 37"
DEU,,2016,offline,Sat.1 Nachrichten,17,deu_sat_1_nachrichten,,,"DNR 2016, p. 37"
DEU,,2016,offline,Commercial radio news,14,deu_commercial_radio,,"generic category, not a single outlet","DNR 2016, p. 37"
DEU,,2016,offline,Bild (inc. Sunday edition),10,deu_bild,,,"DNR 2016, p. 37"
DEU,,2016,offline,ProSieben Newstime,10,deu_prosieben_newstime,,,"DNR 2016, p. 37"
DEU,,2016,offline,Der Spiegel,10,deu_spiegel,,,"DNR 2016, p. 37"
DEU,,2016,offline,Focus,8,deu_focus,,,"DNR 2016, p. 37"
DEU,,2016,offline,Stern,7,deu_stern,,,"DNR 2016, p. 37"
DEU,,2016,offline,Süddeutsche Zeitung,5,deu_sueddeutsche,,,"DNR 2016, p. 37"
DEU,,2016,online,Spiegel online,19,deu_spiegel,,,"DNR 2016, p. 37"
DEU,,2016,online,N24 online,17,deu_n24,,,"DNR 2016, p. 37"
DEU,,2016,online,n-tv online,17,deu_n_tv,,,"DNR 2016, p. 37"
DEU,,2016,online,ZDF News online,16,deu_zdf,,,"DNR 2016, p. 37"
DEU,,2016,online,ARD News online,16,deu_ard,,,"DNR 2016, p. 37"
DEU,,2016,online,Focus online,16,deu_focus,,,"DNR 2016, p. 37"
DEU,,2016,online,Regional/local paper website,15,deu_local_newspaper,,"generic category, not a single outlet","DNR 2016, p. 37"
DEU,,2016,online,Bild online,15,deu_bild,,,"DNR 2016, p. 37"
DEU,,2016,online,Web.de,15,deu_web_de,web.de,,"DNR 2016, p. 37"
DEU,,2016,online,t-online news,14,deu_t_online,,,"DNR 2016, p. 37"
DEU,,2016,online,Gmx.de,13,deu_gmx,gmx.de,,"DNR 2016, p. 37"
DEU,,2016,online,rtl.de,11,deu_rtl,rtl.de,,"DNR 2016, p. 37"
DEU,,2016,online,Sueddeutsche.de,10,deu_sueddeutsche,sueddeutsche.de,,"DNR 2016, p. 37"
DEU,,2016,online,Stern.de,9,deu_stern,stern.de,,"DNR 2016, p. 37"
DEU,,2016,online,Die Welt online,9,deu_die_welt,,,"DNR 2016, p. 37"
DEU,,2016,online,ZEIT online,9,deu_zeit,,,"DNR 2016, p. 37"
FRA,,2016,offline,BFM TV,44,fra_bfm_tv,,,"DNR 2016, p. 39"
FRA,,2016,offline,TF1 news,41,fra_tf1,,,"DNR 2016, p. 39"
FRA,,2016,offline,France Télévisions news,35,fra_france_televisions,,,"DNR 2016, p. 39"
FRA,,2016,offline,M6 news,26,fra_m6,,,"DNR 2016, p. 39"
FRA,,2016,offline,I-Télé,19,fra_i_tele,,,"DNR 2016, p. 39"
FRA,,2016,offline,Public radio news,17,fra_public_radio,,"generic category, not a single outlet","DNR 2016, p. 39"
FRA,,2016,offline,Commercial radio news,17,fra_commercial_radio,,"generic category, not a single outlet","DNR 2016, p. 39"
FRA,,2016,offline,20 Minutes,14,fra_20_minutes,,,"DNR 2016, p. 39"
FRA,,2016,offline,Regional or local paper,14,fra_local_newspaper,,"generic category, not a single outlet","DNR 2016, p. 39"
FRA,,2016,offline,Canal+ news,12,fra_canal_plus,,,"DNR 2016, p. 39"
FRA,,2016,offline,Le Monde,9,fra_le_monde,,,"DNR 2016, p. 39"
FRA,,2016,offline,LCI,8,fra_lci,,,"DNR 2016, p. 39"
FRA,,2016,offline,Le Figaro,8,fra_le_figaro,,,"DNR 2016, p. 39"
FRA,,2016,offline,Direct Matin,7,fra_direct_matin,,,"DNR 2016, p. 39"
FRA,,2016,offline,Ouest France,6,fra_ouest_france,,,"DNR 2016, p. 39"
FRA,,2016,offline,Metro,6,fra_metro,,,"DNR 2016, p. 39"
FRA,,2016,online,20 Minutes online,19,fra_20_minutes,,,"DNR 2016, p. 39"
FRA,,2016,online,Le Monde online,18,fra_le_monde,,,"DNR 2016, p. 39"
FRA,,2016,online,Regional/Local paper website,15,fra_local_newspaper,,"generic category, not a single outlet","DNR 2016, p. 39"
FRA,,2016,online,Le Figaro online,15,fra_le_figaro,,,"DNR 2016, p. 39"
FRA,,2016,online,FranceTVInfo,15,fra_france_televisions,,,"DNR 2016, p. 39"
FRA,,2016,online,BFM TV online,15,fra_bfm_tv,,,"DNR 2016, p. 39"
FRA,,2016,online,Huffington Post,13,fra_huffington_post,,,"DNR 2016, p. 39"
FRA,,2016,online,L’Express online,11,fra_l_express,,,"DNR 2016, p. 39"
FRA,,2016,online,Le Point online,11,fra_le_point,,,"DNR 2016, p. 39"
FRA,,2016,online,Yahoo News,10,fra_yahoo,,,"DNR 2016, p. 39"
FRA,,2016,online,MSN News,9,fra_msn,,,"DNR 2016, p. 39"
FRA,,2016,online,TF1 news online,9,fra_tf1,,,"DNR 2016, p. 39"
FRA,,2016,online,Le Nouvel Observateur,9,fra_le_nouvel_observateur,,,"DNR 2016, p. 39"
FRA,,2016,online,Linternaute.com,8,fra_linternaute_com,linternaute.com,,"DNR 2016, p. 39"
FRA,,2016,online,Libération online,8,fra_liberation,,,"DNR 2016, p. 39"
FRA,,2016,online,Mediapart,8,fra_mediapart,,,"DNR 2016, p. 39"
ITA,,2016,offline,"RAI news (Tg1, Tg2, Tg3, TgR)",64,ita_rai,,,"DNR 2016, p. 41"
ITA,,2016,offline,"Mediaset news (Tg4, Tg5, Studio Aperto)",53,ita_mediaset,,,"DNR 2016, p. 41"
ITA,,2016,offline,SkyTg24,36,ita_sky_tg24,,,"DNR 2016, p. 41"
ITA,,2016,offline,RaiNews24,36,ita_rainews24,,,"DNR 2016, p. 41"
ITA,,2016,offline,Tg La7,32,ita_tg_la7,,,"DNR 2016, p. 41"
ITA,,2016,offline,TgCom24,30,ita_tgcom24,,,"DNR 2016, p. 41"
ITA,,2016,offline,La Repubblica,30,ita_la_repubblica,,,"DNR 2016, p. 41"
ITA,,2016,offline,Ballarò,29,ita_ballaro,,,"DNR 2016, p. 41"
ITA,,2016,offline,Il Corriere della Sera,25,ita_corriere_della_sera,,,"DNR 2016, p. 41"
ITA,,2016,offline,Porta a Porta,21,ita_porta_porta,,,"DNR 2016, p. 41"
ITA,,2016,offline,Quinta colonna,21,ita_quinta_colonna,,,"DNR 2016, p. 41"
ITA,,2016,offline,La Stampa,21,ita_la_stampa,,,"DNR 2016, p. 41"
ITA,,2016,offline,Il Sole 24 Ore,18,ita_il_sole_24_ore,,,"DNR 2016, p. 41"
ITA,,2016,offline,Commercial radio news,18,ita_commercial_radio,,"generic category, not a single outlet","DNR 2016, p. 41"
ITA,,2016,offline,Piazza pulita,17,ita_piazza_pulita,,,"DNR 2016, p. 41"
ITA,,2016,offline,A regional or local newspaper,17,ita_local_newspaper,,"generic category, not a single outlet","DNR 2016, p. 41"
ITA,,2016,online,La Repubblica online,33,ita_la_repubblica,,,"DNR 2016, p. 41"
ITA,,2016,online,TgCom24 online,28,ita_tgcom24,,,"DNR 2016, p. 41"
ITA,,2016,online,Sky Tg24 online,23,ita_sky_tg24,,,"DNR 2016, p. 41"
ITA,,2016,online,Ansa online,23,ita_ansa,,,"DNR 2016, p. 41"
ITA,,2016,online,Il Corriere della Serra online,21,ita_corriere_della_sera,,printed as 'Serra' in the DNR (typo for Sera),"DNR 2016, p. 41"
ITA,,2016,online,Yahoo News,21,ita_yahoo,,,"DNR 2016, p. 41"
ITA,,2016,online,Il Fatto Quotidiano online,18,ita_il_fatto_quotidiano,,,"DNR 2016, p. 41"
ITA,,2016,online,Notizie.Libero.it,17,ita_libero,libero.it,news section of the Libero portal (notizie.libero.it),"DNR 2016, p. 41"
ITA,,2016,online,La Stampa online,16,ita_la_stampa,,,"DNR 2016, p. 41"
ITA,,2016,online,Il Sole 24 ore online,16,ita_il_sole_24_ore,,,"DNR 2016, p. 41"
ITA,,2016,online,MSN News,16,ita_msn,,,"DNR 2016, p. 41"
ITA,,2016,online,RAI News online,15,ita_rai,,,"DNR 2016, p. 41"
ITA,,2016,online,Tg La7 online,13,ita_tg_la7,,,"DNR 2016, p. 41"
ITA,,2016,online,Huffington Post,12,ita_huffington_post,,,"DNR 2016, p. 41"
ITA,,2016,online,Il Giornale,11,ita_il_giornale,,,"DNR 2016, p. 41"
ITA,,2016,online,Regional or local newspaper website,11,ita_local_newspaper,,"generic category, not a single outlet","DNR 2016, p. 41"
ESP,,2016,offline,Antena 3 news,55,esp_antena_3,,,"DNR 2016, p. 43"
ESP,,2016,offline,LaSexta news,46,esp_lasexta,,,"DNR 2016, p. 43"
ESP,,2016,offline,TVE news,42,esp_rtve,,,"DNR 2016, p. 43"
ESP,,2016,offline,Telecinco news,36,esp_telecinco,,,"DNR 2016, p. 43"
ESP,,2016,offline,Cuatro news,35,esp_cuatro,,,"DNR 2016, p. 43"
ESP,,2016,offline,El País,27,esp_el_pais,,,"DNR 2016, p. 43"
ESP,,2016,offline,El Mundo,21,esp_el_mundo,,,"DNR 2016, p. 43"
ESP,,2016,offline,Cadena SER news,20,esp_cadena_ser,,,"DNR 2016, p. 43"
ESP,,2016,offline,Regional or local TV news,19,esp_local_tv,,"generic category, not a single outlet","DNR 2016, p. 43"
ESP,,2016,offline,20 Minutos,17,esp_20_minutos,,,"DNR 2016, p. 43"
ESP,,2016,offline,Regional or local paper,14,esp_local_newspaper,,"generic category, not a single outlet","DNR 2016, p. 43"
ESP,,2016,offline,Marca,14,esp_marca,,,"DNR 2016, p. 43"
ESP,,2016,offline,COPE news,14,esp_cope,,,"DNR 2016, p. 43"
ESP,,2016,offline,RNE news,12,esp_rne,,,"DNR 2016, p. 43"
ESP,,2016,offline,Onda Cero news,12,esp_onda_cero,,,"DNR 2016, p. 43"
ESP,,2016,offline,ABC,11,esp_abc,,,"DNR 2016, p. 43"
ESP,,2016,online,El País online,34,esp_el_pais,,,"DNR 2016, p. 43"
ESP,,2016,online,El Mundo online,28,esp_el_mundo,,,"DNR 2016, p. 43"
ESP,,2016,online,Antena 3 news online,23,esp_antena_3,,,"DNR 2016, p. 43"
ESP,,2016,online,20 Minutos online,21,esp_20_minutos,,,"DNR 2016, p. 43"
ESP,,2016,online,El Confidencial,20,esp_el_confidencial,,,"DNR 2016, p. 43"
ESP,,2016,online,Marca online,18,esp_marca,,,"DNR 2016, p. 43"
ESP,,2016,online,El Diario,17,esp_el_diario,,,"DNR 2016, p. 43"
ESP,,2016,online,Yahoo News,17,esp_yahoo,,,"DNR 2016, p. 43"
ESP,,2016,online,MSN News,16,esp_msn,,,"DNR 2016, p. 43"
ESP,,2016,online,LaSexta news online,16,esp_lasexta,,,"DNR 2016, p. 43"
ESP,,2016,online,RTVE news online,16,esp_rtve,,,"DNR 2016, p. 43"
ESP,,2016,online,ABC online,15,esp_abc,,,"DNR 2016, p. 43"
ESP,,2016,online,Huffington Post,14,esp_huffington_post,,,"DNR 2016, p. 43"
ESP,,2016,online,Local/Regional paper website,13,esp_local_newspaper,,"generic category, not a single outlet","DNR 2016, p. 43"
ESP,,2016,online,Público,13,esp_publico,,,"DNR 2016, p. 43"
ESP,,2016,online,El Periódico online,13,esp_el_periodico,,,"DNR 2016, p. 43"
PRT,,2016,offline,SIC News,72,prt_sic,,,"DNR 2016, p. 45"
PRT,,2016,offline,TVI News,62,prt_tvi,,,"DNR 2016, p. 45"
PRT,,2016,offline,RTP/RDP News,44,prt_rtp_rdp,,,"DNR 2016, p. 45"
PRT,,2016,offline,Jornal de Notícias,27,prt_jornal_de_noticias,,,"DNR 2016, p. 45"
PRT,,2016,offline,Correio da Manhã,25,prt_correio_da_manha,,,"DNR 2016, p. 45"
PRT,,2016,offline,TSF,20,prt_tsf,,,"DNR 2016, p. 45"
PRT,,2016,offline,Público,18,prt_publico,,,"DNR 2016, p. 45"
PRT,,2016,offline,Expresso,17,prt_expresso,,,"DNR 2016, p. 45"
PRT,,2016,offline,Diário de Notícias,14,prt_diario_de_noticias,,,"DNR 2016, p. 45"
PRT,,2016,offline,Regional or local paper,13,prt_local_newspaper,,"generic category, not a single outlet","DNR 2016, p. 45"
PRT,,2016,offline,Rádio Renascença,13,prt_radio_renascenca,,,"DNR 2016, p. 45"
PRT,,2016,offline,A Bola,12,prt_bola,,,"DNR 2016, p. 45"
PRT,,2016,offline,Euronews,11,prt_euronews,,,"DNR 2016, p. 45"
PRT,,2016,offline,Correio da Manhã TV,11,prt_correio_da_manha_tv,,,"DNR 2016, p. 45"
PRT,,2016,offline,Record,10,prt_record,,,"DNR 2016, p. 45"
PRT,,2016,offline,O Jogo,9,prt_o_jogo,,,"DNR 2016, p. 45"
PRT,,2016,online,SIC News online,46,prt_sic,,,"DNR 2016, p. 45"
PRT,,2016,online,TVI News online,38,prt_tvi,,,"DNR 2016, p. 45"
PRT,,2016,online,Sapo News,36,prt_sapo,,,"DNR 2016, p. 45"
PRT,,2016,online,Notícias ao Minuto,34,prt_noticias_ao_minuto,,,"DNR 2016, p. 45"
PRT,,2016,online,Jornal de Notícias online,34,prt_jornal_de_noticias,,,"DNR 2016, p. 45"
PRT,,2016,online,Público online,31,prt_publico,,,"DNR 2016, p. 45"
PRT,,2016,online,Correio da Manhã online,31,prt_correio_da_manha,,,"DNR 2016, p. 45"
PRT,,2016,online,Expresso online,25,prt_expresso,,,"DNR 2016, p. 45"
PRT,,2016,online,Diário de Notícias online,24,prt_diario_de_noticias,,,"DNR 2016, p. 45"
PRT,,2016,online,RTP/RDP News online,19,prt_rtp_rdp,,,"DNR 2016, p. 45"
PRT,,2016,online,Observador online,18,prt_observador,,,"DNR 2016, p. 45"
PRT,,2016,online,A Bola online,17,prt_bola,,,"DNR 2016, p. 45"
PRT,,2016,online,MSN News,16,prt_msn,,,"DNR 2016, p. 45"
PRT,,2016,online,Diário Económico online,15,prt_diario_economico,,,"DNR 2016, p. 45"
PRT,,2016,online,Jornal de Negócios online,15,prt_jornal_de_negocios,,,"DNR 2016, p. 45"
PRT,,2016,online,Record online,14,prt_record,,,"DNR 2016, p. 45"
IRL,,2016,offline,RTE News,59,irl_rte,,,"DNR 2016, p. 47"
IRL,,2016,offline,Sky News,32,irl_sky,,,"DNR 2016, p. 47"
IRL,,2016,offline,BBC News,30,irl_bbc,,,"DNR 2016, p. 47"
IRL,,2016,offline,Irish Independent/Herald,25,irl_irish_independent_herald,,,"DNR 2016, p. 47"
IRL,,2016,offline,TV3 News,24,irl_tv3,,,"DNR 2016, p. 47"
IRL,,2016,offline,Local Radio News,21,irl_local_radio,,"generic category, not a single outlet","DNR 2016, p. 47"
IRL,,2016,offline,Irish Times,21,irl_irish_times,,,"DNR 2016, p. 47"
IRL,,2016,offline,Today FM news,20,irl_today_fm,,,"DNR 2016, p. 47"
IRL,,2016,offline,Newstalk,20,irl_newstalk,,,"DNR 2016, p. 47"
IRL,,2016,offline,Sunday Independent,16,irl_sunday_independent,,,"DNR 2016, p. 47"
IRL,,2016,offline,Regional or local paper,14,irl_local_newspaper,,"generic category, not a single outlet","DNR 2016, p. 47"
IRL,,2016,offline,UTV Ireland/NI news,13,irl_utv_ireland_ni,,,"DNR 2016, p. 47"
IRL,,2016,offline,ITV or Channel 4 News,11,irl_itv_or_channel_4,,"UK channels, combined item","DNR 2016, p. 47"
IRL,,2016,offline,The Sunday Times,10,irl_sunday_times,,,"DNR 2016, p. 47"
IRL,,2016,offline,CNN,8,irl_cnn,,,"DNR 2016, p. 47"
IRL,,2016,offline,Irish Daily Mail,8,irl_irish_daily_mail,,,"DNR 2016, p. 47"
IRL,,2016,online,RTE News online,42,irl_rte,,,"DNR 2016, p. 47"
IRL,,2016,online,Irish Independent/Herald online,36,irl_irish_independent_herald,,,"DNR 2016, p. 47"
IRL,,2016,online,Journal.ie,34,irl_thejournal,thejournal.ie,printed as Journal.ie; actual domain thejournal.ie,"DNR 2016, p. 47"
IRL,,2016,online,Irish Times online,29,irl_irish_times,,,"DNR 2016, p. 47"
IRL,,2016,online,BreakingNews.ie,24,irl_breakingnews_ie,breakingnews.ie,,"DNR 2016, p. 47"
IRL,,2016,online,BBC News online,22,irl_bbc,,,"DNR 2016, p. 47"
IRL,,2016,online,Sky News online,19,irl_sky,,,"DNR 2016, p. 47"
IRL,,2016,online,Her.ie/joe.ie,16,irl_her_joe,her.ie,"two sites (her.ie, joe.ie), same publisher","DNR 2016, p. 47"
IRL,,2016,online,Local radio news online,15,irl_local_radio,,"generic category, not a single outlet","DNR 2016, p. 47"
IRL,,2016,online,Yahoo News,14,irl_yahoo,,,"DNR 2016, p. 47"
IRL,,2016,online,Irish Examiner online,13,irl_irish_examiner,,,"DNR 2016, p. 47"
IRL,,2016,online,MSN News,11,irl_msn,,,"DNR 2016, p. 47"
IRL,,2016,online,Mail Online,11,irl_mail_online,,,"DNR 2016, p. 47"
IRL,,2016,online,Huffington Post,11,irl_huffington_post,,,"DNR 2016, p. 47"
IRL,,2016,online,Local/Regional paper website,10,irl_local_newspaper,,"generic category, not a single outlet","DNR 2016, p. 47"
IRL,,2016,online,Guardian online,10,irl_guardian,,,"DNR 2016, p. 47"
NOR,,2016,offline,NRK News,61,nor_nrk,,,"DNR 2016, p. 49"
NOR,,2016,offline,VG,53,nor_vg,,,"DNR 2016, p. 49"
NOR,,2016,offline,TV2 News,53,nor_tv2,,,"DNR 2016, p. 49"
NOR,,2016,offline,Dagbladet,37,nor_dagbladet,,,"DNR 2016, p. 49"
NOR,,2016,offline,Aftenposten,30,nor_aftenposten,,,"DNR 2016, p. 49"
NOR,,2016,offline,Local or regional paper,29,nor_local_newspaper,,"generic category, not a single outlet","DNR 2016, p. 49"
NOR,,2016,offline,P4 news,26,nor_p4,,,"DNR 2016, p. 49"
NOR,,2016,offline,Radio Norge news,18,nor_radio_norge,,,"DNR 2016, p. 49"
NOR,,2016,offline,Local radio news,17,nor_local_radio,,"generic category, not a single outlet","DNR 2016, p. 49"
NOR,,2016,offline,Dagens Næringsliv,15,nor_dagens_naeringsliv,,,"DNR 2016, p. 49"
NOR,,2016,offline,Local TV news,13,nor_local_tv,,"generic category, not a single outlet","DNR 2016, p. 49"
NOR,,2016,offline,Bergens Tidende,12,nor_bergens_tidende,,,"DNR 2016, p. 49"
NOR,,2016,offline,BBC News,8,nor_bbc,,,"DNR 2016, p. 49"
NOR,,2016,offline,Adresseavisa,8,nor_adresseavisen,,,"DNR 2016, p. 49"
NOR,,2016,offline,CNN,7,nor_cnn,,,"DNR 2016, p. 49"
NOR,,2016,offline,Dagsavisen,6,nor_dagsavisen,,,"DNR 2016, p. 49"
NOR,,2016,online,VG Nett online,64,nor_vg,,,"DNR 2016, p. 49"
NOR,,2016,online,Dagbladet online,46,nor_dagbladet,,,"DNR 2016, p. 49"
NOR,,2016,online,NRK News Online,45,nor_nrk,,,"DNR 2016, p. 49"
NOR,,2016,online,TV2 news online,44,nor_tv2,,,"DNR 2016, p. 49"
NOR,,2016,online,Aftenposten online,35,nor_aftenposten,,,"DNR 2016, p. 49"
NOR,,2016,online,Nettavisen,31,nor_nettavisen,,,"DNR 2016, p. 49"
NOR,,2016,online,Local/Regional paper websites,25,nor_local_newspaper,,"generic category, not a single outlet","DNR 2016, p. 49"
NOR,,2016,online,Dagens Næringsliv online,18,nor_dagens_naeringsliv,,,"DNR 2016, p. 49"
NOR,,2016,online,Bergens Tidende online,13,nor_bergens_tidende,,,"DNR 2016, p. 49"
NOR,,2016,online,ABCnyheter,13,nor_abcnyheter,,,"DNR 2016, p. 49"
NOR,,2016,online,Adresseavisen online,9,nor_adresseavisen,,,"DNR 2016, p. 49"
NOR,,2016,online,BBC News online,8,nor_bbc,,,"DNR 2016, p. 49"
NOR,,2016,online,Huffington Post,8,nor_huffington_post,,,"DNR 2016, p. 49"
NOR,,2016,online,P4 news online,7,nor_p4,,,"DNR 2016, p. 49"
NOR,,2016,online,Mail Online,7,nor_mail,,,"DNR 2016, p. 49"
NOR,,2016,online,Dagsavisen online,7,nor_dagsavisen,,,"DNR 2016, p. 49"
SWE,,2016,offline,SVT news,57,swe_svt,,,"DNR 2016, p. 51"
SWE,,2016,offline,TV4 news,50,swe_tv4,,,"DNR 2016, p. 51"
SWE,,2016,offline,SR news,40,swe_sr,,,"DNR 2016, p. 51"
SWE,,2016,offline,Aftonbladet,19,swe_aftonbladet,,,"DNR 2016, p. 51"
SWE,,2016,offline,Metro,16,swe_metro,,,"DNR 2016, p. 51"
SWE,,2016,offline,A regional or local newspaper,15,swe_local_newspaper,,"generic category, not a single outlet","DNR 2016, p. 51"
SWE,,2016,offline,Expressen,14,swe_expressen,,,"DNR 2016, p. 51"
SWE,,2016,offline,Dagens Nyheter,13,swe_dagens_nyheter,,,"DNR 2016, p. 51"
SWE,,2016,offline,Svenska Dagbladet,12,swe_svenska_dagbladet,,,"DNR 2016, p. 51"
SWE,,2016,offline,Göteborgs-Posten,9,swe_goteborgs_posten,,,"DNR 2016, p. 51"
SWE,,2016,offline,Dagens Industri,8,swe_dagens_industri,,,"DNR 2016, p. 51"
SWE,,2016,offline,CNN,8,swe_cnn,,,"DNR 2016, p. 51"
SWE,,2016,offline,BBC News,7,swe_bbc,,,"DNR 2016, p. 51"
SWE,,2016,offline,Sydsvenska Dagbladet,5,swe_sydsvenska_dagbladet,,,"DNR 2016, p. 51"
SWE,,2016,offline,Broadcasters/papers from outside Sweden,4,swe_broadcasters_papers_from_outside_sweden,,"generic category, not a single outlet","DNR 2016, p. 51"
SWE,,2016,offline,Uppsala Nya Tidning,2,swe_uppsala_nya_tidning,,,"DNR 2016, p. 51"
SWE,,2016,online,Aftonbladet online,55,swe_aftonbladet,,,"DNR 2016, p. 51"
SWE,,2016,online,Expressen online,38,swe_expressen,,,"DNR 2016, p. 51"
SWE,,2016,online,Dagens Nyheter online,25,swe_dagens_nyheter,,,"DNR 2016, p. 51"
SWE,,2016,online,SR news online,24,swe_sr,,,"DNR 2016, p. 51"
SWE,,2016,online,Svenska Dagbladet online,22,swe_svenska_dagbladet,,,"DNR 2016, p. 51"
SWE,,2016,online,TV4 news online,21,swe_tv4,,,"DNR 2016, p. 51"
SWE,,2016,online,Regional or local paper website,19,swe_local_newspaper,,"generic category, not a single outlet","DNR 2016, p. 51"
SWE,,2016,online,Göteborgs-Posten online,16,swe_goteborgs_posten,,,"DNR 2016, p. 51"
SWE,,2016,online,Nyheter 24,16,swe_nyheter_24,,,"DNR 2016, p. 51"
SWE,,2016,online,Dagens Industri online,14,swe_dagens_industri,,,"DNR 2016, p. 51"
SWE,,2016,online,SVT News Online,13,swe_svt,,,"DNR 2016, p. 51"
SWE,,2016,online,Sydsvenska Dagbladet online,10,swe_sydsvenska_dagbladet,,,"DNR 2016, p. 51"
SWE,,2016,online,Metro online,10,swe_metro,,,"DNR 2016, p. 51"
SWE,,2016,online,BBC News online,8,swe_bbc,,,"DNR 2016, p. 51"
SWE,,2016,online,CNN online,7,swe_cnn,,,"DNR 2016, p. 51"
SWE,,2016,online,MSN News,6,swe_msn,,,"DNR 2016, p. 51"
FIN,,2016,offline,Yle News,70,fin_yle,,,"DNR 2016, p. 53"
FIN,,2016,offline,MTV3 News,58,fin_mtv,,,"DNR 2016, p. 53"
FIN,,2016,offline,Regional or local paper,35,fin_local_newspaper,,"generic category, not a single outlet","DNR 2016, p. 53"
FIN,,2016,offline,Free city paper,32,fin_free_city_paper,,"generic category, not a single outlet","DNR 2016, p. 53"
FIN,,2016,offline,Helsingin Sanomat,23,fin_helsingin_sanomat,,,"DNR 2016, p. 53"
FIN,,2016,offline,Ilta-Sanomat,22,fin_ilta_sanomat,,,"DNR 2016, p. 53"
FIN,,2016,offline,Iltalehti,19,fin_iltalehti,,,"DNR 2016, p. 53"
FIN,,2016,offline,Commercial radio news,18,fin_commercial_radio,,"generic category, not a single outlet","DNR 2016, p. 53"
FIN,,2016,offline,HSTV news on Channel 4,9,fin_channel_4,,Channel 4 = Nelonen; HSTV = Helsingin Sanomat TV news on Nelonen; merged with Channel 4 news online,"DNR 2016, p. 53"
FIN,,2016,offline,Kauppalehti,7,fin_kauppalehti,,,"DNR 2016, p. 53"
FIN,,2016,offline,Foreign TV news channels,4,fin_foreign_tv,,"generic category, not a single outlet","DNR 2016, p. 53"
FIN,,2016,offline,BBC News,4,fin_bbc,,,"DNR 2016, p. 53"
FIN,,2016,offline,CNN,3,fin_cnn,,,"DNR 2016, p. 53"
FIN,,2016,offline,Maaseudun Tulevaisuus,3,fin_maaseudun_tulevaisuus,,,"DNR 2016, p. 53"
FIN,,2016,offline,Hufvudstadsbladet,2,fin_hufvudstadsbladet,,,"DNR 2016, p. 53"
FIN,,2016,offline,Other foreign newspapers,1,fin_foreign_newspaper,,"generic category, not a single outlet","DNR 2016, p. 53"
FIN,,2016,online,Ilta-Sanomat online,60,fin_ilta_sanomat,,,"DNR 2016, p. 53"
FIN,,2016,online,Iltalehti online,58,fin_iltalehti,,,"DNR 2016, p. 53"
FIN,,2016,online,Yle News online,44,fin_yle,,,"DNR 2016, p. 53"
FIN,,2016,online,Helsingin Sanomat online,36,fin_helsingin_sanomat,,,"DNR 2016, p. 53"
FIN,,2016,online,MTV news online,32,fin_mtv,,,"DNR 2016, p. 53"
FIN,,2016,online,Regional or local paper website,26,fin_local_newspaper,,"generic category, not a single outlet","DNR 2016, p. 53"
FIN,,2016,online,Taloussanomat online,21,fin_taloussanomat,,,"DNR 2016, p. 53"
FIN,,2016,online,Kauppalehti online,18,fin_kauppalehti,,,"DNR 2016, p. 53"
FIN,,2016,online,Uusi Suomi online,10,fin_uusi_suomi,,,"DNR 2016, p. 53"
FIN,,2016,online,Website of a free city paper,8,fin_free_city_paper,,"generic category, not a single outlet","DNR 2016, p. 53"
FIN,,2016,online,Website of a foreign newspaper,8,fin_foreign_newspaper,,"generic category, not a single outlet","DNR 2016, p. 53"
FIN,,2016,online,Website of foreign TV news,6,fin_foreign_tv,,"generic category, not a single outlet","DNR 2016, p. 53"
FIN,,2016,online,BBC News online,5,fin_bbc,,,"DNR 2016, p. 53"
FIN,,2016,online,MSN News,5,fin_msn,,,"DNR 2016, p. 53"
FIN,,2016,online,Commercial radio online news,5,fin_commercial_radio,,"generic category, not a single outlet","DNR 2016, p. 53"
FIN,,2016,online,Channel 4 news online,4,fin_channel_4,,Channel 4 = Nelonen,"DNR 2016, p. 53"
DNK,,2016,offline,"DR News (inc. P1, P4, etc.)",71,dnk_dr,,,"DNR 2016, p. 55"
DNK,,2016,offline,TV2 News (inc. regional news),64,dnk_tv2,,,"DNR 2016, p. 55"
DNK,,2016,offline,Local free weekly newspaper,21,dnk_local_weekly,,"generic category, not a single outlet","DNR 2016, p. 55"
DNK,,2016,offline,Metroxpres,16,dnk_metroxpress,,printed spelling; same brand as Metroxpress (online list),"DNR 2016, p. 55"
DNK,,2016,offline,Søndagsavisen,14,dnk_sondagsavisen,,,"DNR 2016, p. 55"
DNK,,2016,offline,Local or regional newspaper,14,dnk_local_newspaper,,"generic category, not a single outlet","DNR 2016, p. 55"
DNK,,2016,offline,Radio 24syv news,10,dnk_radio24syv,,,"DNR 2016, p. 55"
DNK,,2016,offline,Commercial radio news,9,dnk_commercial_radio,,"generic category, not a single outlet","DNR 2016, p. 55"
DNK,,2016,offline,Politiken,9,dnk_politiken,,,"DNR 2016, p. 55"
DNK,,2016,offline,BT,9,dnk_bt,,,"DNR 2016, p. 55"
DNK,,2016,offline,Jyllandsposten,8,dnk_jyllandsposten,,,"DNR 2016, p. 55"
DNK,,2016,offline,Berlingske,8,dnk_berlingske,,,"DNR 2016, p. 55"
DNK,,2016,offline,Ekstrabladet,8,dnk_ekstrabladet,,,"DNR 2016, p. 55"
DNK,,2016,offline,Børsen,5,dnk_borsen,,,"DNR 2016, p. 55"
DNK,,2016,offline,Fagblade,5,dnk_fagblade,,"generic category, not a single outlet","DNR 2016, p. 55"
DNK,,2016,offline,BBC News,4,dnk_bbc,,,"DNR 2016, p. 55"
DNK,,2016,online,DR News online,49,dnk_dr,,,"DNR 2016, p. 55"
DNK,,2016,online,TV2 news online,44,dnk_tv2,,,"DNR 2016, p. 55"
DNK,,2016,online,EkstraBladet online,32,dnk_ekstrabladet,,,"DNR 2016, p. 55"
DNK,,2016,online,BT online,27,dnk_bt,,,"DNR 2016, p. 55"
DNK,,2016,online,Politiken online,23,dnk_politiken,,,"DNR 2016, p. 55"
DNK,,2016,online,Jyllandsposten online,19,dnk_jyllandsposten,,,"DNR 2016, p. 55"
DNK,,2016,online,Free local weekly paper website,18,dnk_local_weekly,,"generic category, not a single outlet","DNR 2016, p. 55"
DNK,,2016,online,Berlingske online,18,dnk_berlingske,,,"DNR 2016, p. 55"
DNK,,2016,online,Local or regional paper website,15,dnk_local_newspaper,,"generic category, not a single outlet","DNR 2016, p. 55"
DNK,,2016,online,Børsen online,11,dnk_borsen,,,"DNR 2016, p. 55"
DNK,,2016,online,Metroxpress,10,dnk_metroxpress,,,"DNR 2016, p. 55"
DNK,,2016,online,Information.dk,9,dnk_information_dk,information.dk,,"DNR 2016, p. 55"
DNK,,2016,online,Dagens.dk,9,dnk_dagens_dk,dagens.dk,,"DNR 2016, p. 55"
DNK,,2016,online,Avisen.dk,8,dnk_avisen_dk,avisen.dk,,"DNR 2016, p. 55"
DNK,,2016,online,Radio24syv news online,8,dnk_radio24syv,,,"DNR 2016, p. 55"
DNK,,2016,online,Sondagsavisen online,7,dnk_sondagsavisen,,,"DNR 2016, p. 55"
BEL,flemish-speaking,2016,offline,VRT News,70,bel_vrt,,DNR reports Flemish-speaking and French-speaking lists separately,"DNR 2016, p. 57"
BEL,flemish-speaking,2016,offline,VTM news,41,bel_vtm,,DNR reports Flemish-speaking and French-speaking lists separately,"DNR 2016, p. 57"
BEL,flemish-speaking,2016,offline,Het Laatste Nieuws,28,bel_het_laatste_nieuws,,DNR reports Flemish-speaking and French-speaking lists separately,"DNR 2016, p. 57"
BEL,flemish-speaking,2016,offline,Het Nieuwsblad,23,bel_het_nieuwsblad,,DNR reports Flemish-speaking and French-speaking lists separately,"DNR 2016, p. 57"
BEL,flemish-speaking,2016,offline,Qmusic news,17,bel_qmusic,,DNR reports Flemish-speaking and French-speaking lists separately,"DNR 2016, p. 57"
BEL,flemish-speaking,2016,offline,Joe FM news,12,bel_joe_fm,,DNR reports Flemish-speaking and French-speaking lists separately,"DNR 2016, p. 57"
BEL,flemish-speaking,2016,offline,Metro,10,bel_metro,,DNR reports Flemish-speaking and French-speaking lists separately,"DNR 2016, p. 57"
BEL,flemish-speaking,2016,offline,Nostalgie news,10,bel_nostalgie,,DNR reports Flemish-speaking and French-speaking lists separately,"DNR 2016, p. 57"
BEL,flemish-speaking,2016,online,Het Laatste Nieuws online,60,bel_het_laatste_nieuws,,DNR reports Flemish-speaking and French-speaking lists separately,"DNR 2016, p. 57"
BEL,flemish-speaking,2016,online,Het Nieuwsblad online,43,bel_het_nieuwsblad,,DNR reports Flemish-speaking and French-speaking lists separately,"DNR 2016, p. 57"
BEL,flemish-speaking,2016,online,VTM News online,30,bel_vtm,,DNR reports Flemish-speaking and French-speaking lists separately,"DNR 2016, p. 57"
BEL,flemish-speaking,2016,online,De Redactie,29,bel_vrt,,deredactie.be = VRT news site; merged with VRT News; DNR reports Flemish-speaking and French-speaking lists separately,"DNR 2016, p. 57"
BEL,flemish-speaking,2016,online,De Standaard online,21,bel_de_standaard,,DNR reports Flemish-speaking and French-speaking lists separately,"DNR 2016, p. 57"
BEL,flemish-speaking,2016,online,De Morgen online,17,bel_de_morgen,,DNR reports Flemish-speaking and French-speaking lists separately,"DNR 2016, p. 57"
BEL,flemish-speaking,2016,online,Het Belang van Limburg online,13,bel_het_belang_van_limburg,,DNR reports Flemish-speaking and French-speaking lists separately,"DNR 2016, p. 57"
BEL,flemish-speaking,2016,online,Knack.be (incl. trends.knack.be),10,bel_knack_be,knack.be,DNR reports Flemish-speaking and French-speaking lists separately,"DNR 2016, p. 57"
BEL,french-speaking,2016,offline,RTBF News,68,bel_rtbf,,DNR reports Flemish-speaking and French-speaking lists separately,"DNR 2016, p. 57"
BEL,french-speaking,2016,offline,RTL News,60,bel_rtl,,DNR reports Flemish-speaking and French-speaking lists separately,"DNR 2016, p. 57"
BEL,french-speaking,2016,offline,TF1 news,36,bel_tf1,,DNR reports Flemish-speaking and French-speaking lists separately,"DNR 2016, p. 57"
BEL,french-speaking,2016,offline,France Télévision news,20,bel_france_television,,DNR reports Flemish-speaking and French-speaking lists separately,"DNR 2016, p. 57"
BEL,french-speaking,2016,offline,Radio Contact news,16,bel_radio_contact,,DNR reports Flemish-speaking and French-speaking lists separately,"DNR 2016, p. 57"
BEL,french-speaking,2016,offline,Regional or local newspaper,15,bel_local_newspaper,,"generic category, not a single outlet; DNR reports Flemish-speaking and French-speaking lists separately","DNR 2016, p. 57"
BEL,french-speaking,2016,offline,L’Avenir,14,bel_l_avenir,,DNR reports Flemish-speaking and French-speaking lists separately,"DNR 2016, p. 57"
BEL,french-speaking,2016,offline,Le Soir,14,bel_le_soir,,DNR reports Flemish-speaking and French-speaking lists separately,"DNR 2016, p. 57"
BEL,french-speaking,2016,online,RTL news online,47,bel_rtl,,DNR reports Flemish-speaking and French-speaking lists separately,"DNR 2016, p. 57"
BEL,french-speaking,2016,online,RTBF news online,40,bel_rtbf,,DNR reports Flemish-speaking and French-speaking lists separately,"DNR 2016, p. 57"
BEL,french-speaking,2016,online,L'Avenir online,31,bel_l_avenir,,DNR reports Flemish-speaking and French-speaking lists separately,"DNR 2016, p. 57"
BEL,french-speaking,2016,online,La Dernière Heure online,26,bel_la_derniere_heure,,DNR reports Flemish-speaking and French-speaking lists separately,"DNR 2016, p. 57"
BEL,french-speaking,2016,online,Le Soir,26,bel_le_soir,,DNR reports Flemish-speaking and French-speaking lists separately,"DNR 2016, p. 57"
BEL,french-speaking,2016,online,7sur7,26,bel_7sur7,,DNR reports Flemish-speaking and French-speaking lists separately,"DNR 2016, p. 57"
BEL,french-speaking,2016,online,Regional news websites,14,bel_regional_news_sites,,"generic category, not a single outlet; DNR reports Flemish-speaking and French-speaking lists separately","DNR 2016, p. 57"
BEL,french-speaking,2016,online,MSN News,13,bel_msn,,DNR reports Flemish-speaking and French-speaking lists separately,"DNR 2016, p. 57"
NLD,,2016,offline,NOS News,61,nld_nos,,,"DNR 2016, p. 59"
NLD,,2016,offline,RTL news (inc. RTL Z and EditieNL),35,nld_rtl,,,"DNR 2016, p. 59"
NLD,,2016,offline,A regional or local newspaper,26,nld_local_newspaper,,"generic category, not a single outlet","DNR 2016, p. 59"
NLD,,2016,offline,SBS news,23,nld_sbs,,,"DNR 2016, p. 59"
NLD,,2016,offline,Other NPO TV news programmes,21,nld_other_npo_tv_programmes,,"generic category, not a single outlet","DNR 2016, p. 59"
NLD,,2016,offline,De Telegraaf,19,nld_de_telegraaf,,,"DNR 2016, p. 59"
NLD,,2016,offline,Regional radio news,16,nld_regional_radio,,"generic category, not a single outlet","DNR 2016, p. 59"
NLD,,2016,offline,Regional TV news,16,nld_regional_tv,,"generic category, not a single outlet","DNR 2016, p. 59"
NLD,,2016,offline,Algemeen Dagblad,15,nld_algemeen_dagblad,,,"DNR 2016, p. 59"
NLD,,2016,offline,Commercial radio news,15,nld_commercial_radio,,"generic category, not a single outlet","DNR 2016, p. 59"
NLD,,2016,offline,Metro,13,nld_metro,,,"DNR 2016, p. 59"
NLD,,2016,offline,de Volkskrant,8,nld_de_volkskrant,,,"DNR 2016, p. 59"
NLD,,2016,offline,CNN,8,nld_cnn,,,"DNR 2016, p. 59"
NLD,,2016,offline,BBC News,8,nld_bbc,,,"DNR 2016, p. 59"
NLD,,2016,offline,Belgian TV news,5,nld_belgian_tv,,"generic category, not a single outlet","DNR 2016, p. 59"
NLD,,2016,offline,German TV news,5,nld_german_tv,,"generic category, not a single outlet","DNR 2016, p. 59"
NLD,,2016,online,NU.nl,44,nld_nu_nl,nu.nl,,"DNR 2016, p. 59"
NLD,,2016,online,NOS News online,32,nld_nos,,,"DNR 2016, p. 59"
NLD,,2016,online,De Telegraaf online,26,nld_de_telegraaf,,,"DNR 2016, p. 59"
NLD,,2016,online,Algemeen Dagblad online,22,nld_algemeen_dagblad,,,"DNR 2016, p. 59"
NLD,,2016,online,RTL News online,19,nld_rtl,,,"DNR 2016, p. 59"
NLD,,2016,online,Regional or local paper website,17,nld_local_newspaper,,"generic category, not a single outlet","DNR 2016, p. 59"
NLD,,2016,online,Regional TV news online,13,nld_regional_tv,,"generic category, not a single outlet","DNR 2016, p. 59"
NLD,,2016,online,de Volkskrant online,9,nld_de_volkskrant,,,"DNR 2016, p. 59"
NLD,,2016,online,MSN News,8,nld_msn,,,"DNR 2016, p. 59"
NLD,,2016,online,Geen Stijl,8,nld_geen_stijl,,,"DNR 2016, p. 59"
NLD,,2016,online,Regional radio news online,7,nld_regional_radio,,"generic category, not a single outlet","DNR 2016, p. 59"
NLD,,2016,online,Metro online,6,nld_metro,,,"DNR 2016, p. 59"
NLD,,2016,online,CNN News online,6,nld_cnn,,,"DNR 2016, p. 59"
NLD,,2016,online,BBC News online,6,nld_bbc,,,"DNR 2016, p. 59"
NLD,,2016,online,SBS news online,6,nld_sbs,,,"DNR 2016, p. 59"
NLD,,2016,online,Website of a free city paper,5,nld_free_city_paper,,"generic category, not a single outlet","DNR 2016, p. 59"
CHE,german-speaking,2016,offline,"SRF News (incl. Tagesschau, radio, etc.)",70,che_srf,,DNR reports German-speaking and French-speaking lists separately,"DNR 2016, p. 61"
CHE,german-speaking,2016,offline,20 Minuten,50,che_20_minuten,,DNR reports German-speaking and French-speaking lists separately,"DNR 2016, p. 61"
CHE,german-speaking,2016,offline,Blick (inc. evening and Sunday editions),38,che_blick,,DNR reports German-speaking and French-speaking lists separately,"DNR 2016, p. 61"
CHE,german-speaking,2016,offline,German commercial TV news (e.g. RTL),28,che_german_commercial_tv,,"generic category, not a single outlet; DNR reports German-speaking and French-speaking lists separately","DNR 2016, p. 61"
CHE,german-speaking,2016,offline,German public TV news (e.g. ARD),26,che_german_public_tv,,"generic category, not a single outlet; DNR reports German-speaking and French-speaking lists separately","DNR 2016, p. 61"
CHE,german-speaking,2016,offline,Other commercial news (e.g. Tele Züri),23,che_other_commercial_tv,,"generic category, not a single outlet; DNR reports German-speaking and French-speaking lists separately","DNR 2016, p. 61"
CHE,german-speaking,2016,offline,A regional or local newspaper,19,che_local_newspaper,,"generic category, not a single outlet; DNR reports German-speaking and French-speaking lists separately","DNR 2016, p. 61"
CHE,german-speaking,2016,offline,Tages Anzeiger,15,che_tages_anzeiger,,DNR reports German-speaking and French-speaking lists separately,"DNR 2016, p. 61"
CHE,german-speaking,2016,online,20 Minuten online,59,che_20_minuten,,DNR reports German-speaking and French-speaking lists separately,"DNR 2016, p. 61"
CHE,german-speaking,2016,online,Blick and Blick am Abend online,35,che_blick,,DNR reports German-speaking and French-speaking lists separately,"DNR 2016, p. 61"
CHE,german-speaking,2016,online,SRF News Online,31,che_srf,,DNR reports German-speaking and French-speaking lists separately,"DNR 2016, p. 61"
CHE,german-speaking,2016,online,Bluewin news,25,che_bluewin,,listed in both language submarkets; DNR reports German-speaking and French-speaking lists separately,"DNR 2016, p. 61"
CHE,german-speaking,2016,online,Tages Anzeiger online,18,che_tages_anzeiger,,DNR reports German-speaking and French-speaking lists separately,"DNR 2016, p. 61"
CHE,german-speaking,2016,online,Teletext.ch,16,che_teletext_ch,teletext.ch,listed in both language submarkets; DNR reports German-speaking and French-speaking lists separately,"DNR 2016, p. 61"
CHE,german-speaking,2016,online,Websites of a regional or local newspaper,14,che_local_newspaper,,"generic category, not a single outlet; DNR reports German-speaking and French-speaking lists separately","DNR 2016, p. 61"
CHE,german-speaking,2016,online,NZZ online,12,che_nzz,,DNR reports German-speaking and French-speaking lists separately,"DNR 2016, p. 61"
CHE,french-speaking,2016,offline,"RTS News (e.g. Le Journa, radio, etc)",75,che_rts,,printed as 'Le Journa' in the DNR (typo); DNR reports German-speaking and French-speaking lists separately,"DNR 2016, p. 61"
CHE,french-speaking,2016,offline,20 Minutes,55,che_20_minutes,,DNR reports German-speaking and French-speaking lists separately,"DNR 2016, p. 61"
CHE,french-speaking,2016,offline,Le Matin (inc. Sunday edition),46,che_le_matin,,DNR reports German-speaking and French-speaking lists separately,"DNR 2016, p. 61"
CHE,french-speaking,2016,offline,French commercial TV news (e.g. TF1),38,che_french_commercial_tv,,"generic category, not a single outlet; DNR reports German-speaking and French-speaking lists separately","DNR 2016, p. 61"
CHE,french-speaking,2016,offline,French public TV news,36,che_french_public_tv,,"generic category, not a single outlet; DNR reports German-speaking and French-speaking lists separately","DNR 2016, p. 61"
CHE,french-speaking,2016,offline,24 heures,24,che_24_heures,,DNR reports German-speaking and French-speaking lists separately,"DNR 2016, p. 61"
CHE,french-speaking,2016,offline,Commercial radio news,19,che_commercial_radio,,"generic category, not a single outlet; DNR reports German-speaking and French-speaking lists separately","DNR 2016, p. 61"
CHE,french-speaking,2016,offline,A regional or local newspaper,17,che_local_newspaper,,"generic category, not a single outlet; DNR reports German-speaking and French-speaking lists separately","DNR 2016, p. 61"
CHE,french-speaking,2016,online,20 Minutes online,59,che_20_minutes,,DNR reports German-speaking and French-speaking lists separately,"DNR 2016, p. 61"
CHE,french-speaking,2016,online,Le Matin online,35,che_le_matin,,DNR reports German-speaking and French-speaking lists separately,"DNR 2016, p. 61"
CHE,french-speaking,2016,online,RTS News online,34,che_rts,,DNR reports German-speaking and French-speaking lists separately,"DNR 2016, p. 61"
CHE,french-speaking,2016,online,24 heures online,29,che_24_heures,,DNR reports German-speaking and French-speaking lists separately,"DNR 2016, p. 61"
CHE,french-speaking,2016,online,Teletext.ch,25,che_teletext_ch,teletext.ch,listed in both language submarkets; DNR reports German-speaking and French-speaking lists separately,"DNR 2016, p. 61"
CHE,french-speaking,2016,online,Bluewin news,23,che_bluewin,,listed in both language submarkets; DNR reports German-speaking and French-speaking lists separately,"DNR 2016, p. 61"
CHE,french-speaking,2016,online,Tribune de Genève online,16,che_tribune_de_geneve,,DNR reports German-speaking and French-speaking lists separately,"DNR 2016, p. 61"
CHE,french-speaking,2016,online,Yahoo News,13,che_yahoo,,DNR reports German-speaking and French-speaking lists separately,"DNR 2016, p. 61"
AUT,,2016,offline,ORF News (inc. radio),81,aut_orf,,,"DNR 2016, p. 63"
AUT,,2016,offline,Kronen Zeitung,42,aut_kronen_zeitung,,,"DNR 2016, p. 63"
AUT,,2016,offline,Puls 4 news,24,aut_puls_4,,,"DNR 2016, p. 63"
AUT,,2016,offline,ZDF news,24,aut_zdf,,,"DNR 2016, p. 63"
AUT,,2016,offline,RTL news,23,aut_rtl,,,"DNR 2016, p. 63"
AUT,,2016,offline,ATV news,21,aut_atv,,,"DNR 2016, p. 63"
AUT,,2016,offline,ServusTV news,19,aut_servustv,,,"DNR 2016, p. 63"
AUT,,2016,offline,ARD news,19,aut_ard,,,"DNR 2016, p. 63"
AUT,,2016,offline,Heute,19,aut_heute,,,"DNR 2016, p. 63"
AUT,,2016,offline,Bezirksblätter,18,aut_bezirksblaetter,,,"DNR 2016, p. 63"
AUT,,2016,offline,Österreich,18,aut_oesterreich,,,"DNR 2016, p. 63"
AUT,,2016,offline,A regional or local newspaper,16,aut_local_newspaper,,"generic category, not a single outlet","DNR 2016, p. 63"
AUT,,2016,offline,KroneHit news,14,aut_kronehit,,,"DNR 2016, p. 63"
AUT,,2016,offline,Kurier,13,aut_kurier,,,"DNR 2016, p. 63"
AUT,,2016,offline,Der Standard,12,aut_der_standard,,,"DNR 2016, p. 63"
AUT,,2016,offline,Die Presse,8,aut_die_presse,,,"DNR 2016, p. 63"
AUT,,2016,online,ORF News online,53,aut_orf,,,"DNR 2016, p. 63"
AUT,,2016,online,Kronen Zeitung online,31,aut_kronen_zeitung,,,"DNR 2016, p. 63"
AUT,,2016,online,GMX news,20,aut_gmx,,,"DNR 2016, p. 63"
AUT,,2016,online,Der Standard online,18,aut_der_standard,,,"DNR 2016, p. 63"
AUT,,2016,online,Heute online,14,aut_heute,,,"DNR 2016, p. 63"
AUT,,2016,online,Kurier online,14,aut_kurier,,,"DNR 2016, p. 63"
AUT,,2016,online,meinbezirk.at - woche.at,12,aut_bezirksblaetter,meinbezirk.at,"two portals (meinbezirk.at, woche.at) of Regionalmedien Austria = online presence of Bezirksblätter/Woche; merged with Bezirksblätter","DNR 2016, p. 63"
AUT,,2016,online,OE24,12,aut_oesterreich,,oe24.at = online site of the daily Österreich; merged with Österreich,"DNR 2016, p. 63"
AUT,,2016,online,Die Presse Online,12,aut_die_presse,,,"DNR 2016, p. 63"
AUT,,2016,online,Kleine Zeitung Online,11,aut_kleine_zeitung,,,"DNR 2016, p. 63"
AUT,,2016,online,news.at,10,aut_news_at,news.at,,"DNR 2016, p. 63"
AUT,,2016,online,KroneHit news online,9,aut_kronehit,,,"DNR 2016, p. 63"
AUT,,2016,online,ARD news online,8,aut_ard,,,"DNR 2016, p. 63"
AUT,,2016,online,ZDF news online,8,aut_zdf,,,"DNR 2016, p. 63"
AUT,,2016,online,MSN News,7,aut_msn,,,"DNR 2016, p. 63"
AUT,,2016,online,Yahoo News,6,aut_yahoo,,,"DNR 2016, p. 63"
HUN,,2016,offline,RTL Klub news,57,hun_rtl_klub,,,"DNR 2016, p. 65"
HUN,,2016,offline,TV2 news,41,hun_tv2,,,"DNR 2016, p. 65"
HUN,,2016,offline,MTV news (M1),35,hun_mtv,,,"DNR 2016, p. 65"
HUN,,2016,offline,ATV,30,hun_atv,,,"DNR 2016, p. 65"
HUN,,2016,offline,Hír TV,30,hun_hir_tv,,,"DNR 2016, p. 65"
HUN,,2016,offline,Duna TV news,24,hun_duna_tv,,,"DNR 2016, p. 65"
HUN,,2016,offline,Blikk,18,hun_blikk,,,"DNR 2016, p. 65"
HUN,,2016,offline,HVG,16,hun_hvg,,,"DNR 2016, p. 65"
HUN,,2016,offline,Metropol,15,hun_metropol,,,"DNR 2016, p. 65"
HUN,,2016,offline,A regional or local newspaper,13,hun_local_newspaper,,"generic category, not a single outlet","DNR 2016, p. 65"
HUN,,2016,offline,Bors,9,hun_bors,,,"DNR 2016, p. 65"
HUN,,2016,offline,168 óra,8,hun_168_ora,,,"DNR 2016, p. 65"
HUN,,2016,offline,Echo TV,8,hun_echo_tv,,,"DNR 2016, p. 65"
HUN,,2016,offline,Népszabadság,8,hun_nepszabadsag,,,"DNR 2016, p. 65"
HUN,,2016,offline,CNN,7,hun_cnn,,,"DNR 2016, p. 65"
HUN,,2016,offline,Nemzeti Sport,7,hun_nemzeti_sport,,,"DNR 2016, p. 65"
HUN,,2016,online,Origo news,50,hun_origo,,,"DNR 2016, p. 65"
HUN,,2016,online,index.hu,46,hun_index_hu,index.hu,,"DNR 2016, p. 65"
HUN,,2016,online,HVG online,37,hun_hvg,,,"DNR 2016, p. 65"
HUN,,2016,online,MTV news online (hirado.hu),32,hun_mtv,hirado.hu,,"DNR 2016, p. 65"
HUN,,2016,online,ATV online,32,hun_atv,,,"DNR 2016, p. 65"
HUN,,2016,online,24.hu,30,hun_24_hu,24.hu,,"DNR 2016, p. 65"
HUN,,2016,online,444.hu,23,hun_444_hu,444.hu,,"DNR 2016, p. 65"
HUN,,2016,online,Blikk online,21,hun_blikk,,,"DNR 2016, p. 65"
HUN,,2016,online,Website of a regional or local newspaper,18,hun_local_newspaper,,"generic category, not a single outlet","DNR 2016, p. 65"
HUN,,2016,online,168 ora online,16,hun_168_ora,,,"DNR 2016, p. 65"
HUN,,2016,online,Népszabadsag online,12,hun_nepszabadsag,,,"DNR 2016, p. 65"
HUN,,2016,online,Bors online,12,hun_bors,,,"DNR 2016, p. 65"
HUN,,2016,online,Metropol online,10,hun_metropol,,,"DNR 2016, p. 65"
HUN,,2016,online,Magyar Nemzet online,10,hun_magyar_nemzet,,,"DNR 2016, p. 65"
HUN,,2016,online,Vilaggazdasag online,10,hun_vilaggazdasag,,,"DNR 2016, p. 65"
HUN,,2016,online,portfolio.hu,10,hun_portfolio_hu,portfolio.hu,,"DNR 2016, p. 65"
CZE,,2016,offline,"Ceska televize news (inc. 1, 2, CT24)",67,cze_ceska_televize,,,"DNR 2016, p. 67"
CZE,,2016,offline,TV Nova news,30,cze_tv_nova,,,"DNR 2016, p. 67"
CZE,,2016,offline,Prima news,27,cze_prima,,,"DNR 2016, p. 67"
CZE,,2016,offline,Mlada Fronta DNES,20,cze_mlada_fronta_dnes,,,"DNR 2016, p. 67"
CZE,,2016,offline,Cesky rozhlas Radiozurnal news,16,cze_cesky_rozhlas_radiozurnal,,Czech Radio station; online counterpart is Rozhlas.cz (cze_cesky_rozhlas),"DNR 2016, p. 67"
CZE,,2016,offline,Blesk,15,cze_blesk,,,"DNR 2016, p. 67"
CZE,,2016,offline,Radio Impuls news,14,cze_radio_impuls,,,"DNR 2016, p. 67"
CZE,,2016,offline,Metro,13,cze_metro,,,"DNR 2016, p. 67"
CZE,,2016,offline,A regional or local newspaper,12,cze_local_newspaper,,"generic category, not a single outlet","DNR 2016, p. 67"
CZE,,2016,offline,TV Barrandov news,12,cze_tv_barrandov,,,"DNR 2016, p. 67"
CZE,,2016,offline,Frekvence 1 news,10,cze_frekvence_1,,,"DNR 2016, p. 67"
CZE,,2016,offline,Denik,9,cze_denik,,,"DNR 2016, p. 67"
CZE,,2016,offline,Evropa 2 news,8,cze_evropa_2,,,"DNR 2016, p. 67"
CZE,,2016,offline,Cesky rozhlas Dvojka news,6,cze_cesky_rozhlas_dvojka,,Czech Radio station; online counterpart is Rozhlas.cz (cze_cesky_rozhlas),"DNR 2016, p. 67"
CZE,,2016,offline,Pravo,6,cze_pravo,,,"DNR 2016, p. 67"
CZE,,2016,offline,Lidove noviny,6,cze_lidove_noviny,,,"DNR 2016, p. 67"
CZE,,2016,online,Mlada Fronta DNES online (iDnes.cz),55,cze_mlada_fronta_dnes,idnes.cz,,"DNR 2016, p. 67"
CZE,,2016,online,Pravo online (novinky.cz),47,cze_pravo,novinky.cz,,"DNR 2016, p. 67"
CZE,,2016,online,Aktualne.cz,43,cze_aktualne_cz,aktualne.cz,,"DNR 2016, p. 67"
CZE,,2016,online,Ceska televize news online,30,cze_ceska_televize,,,"DNR 2016, p. 67"
CZE,,2016,online,TV Nova news online,26,cze_tv_nova,,,"DNR 2016, p. 67"
CZE,,2016,online,Prima televize news online,23,cze_prima,,,"DNR 2016, p. 67"
CZE,,2016,online,Super.cz,20,cze_super_cz,super.cz,,"DNR 2016, p. 67"
CZE,,2016,online,Blesk online,18,cze_blesk,,,"DNR 2016, p. 67"
CZE,,2016,online,Denik online,18,cze_denik,,,"DNR 2016, p. 67"
CZE,,2016,online,Parlamentnilisty.cz,14,cze_parlamentnilisty_cz,parlamentnilisty.cz,,"DNR 2016, p. 67"
CZE,,2016,online,Hospodářské Noviny online,14,cze_hospodarske_noviny,,,"DNR 2016, p. 67"
CZE,,2016,online,Lidove noviny online,14,cze_lidove_noviny,,,"DNR 2016, p. 67"
CZE,,2016,online,Tyden.cz,10,cze_tyden_cz,tyden.cz,,"DNR 2016, p. 67"
CZE,,2016,online,Rozhlas.cz,8,cze_cesky_rozhlas,rozhlas.cz,Czech Radio portal covering all stations; offline list has Radiozurnal and Dvojka separately,"DNR 2016, p. 67"
CZE,,2016,online,Extra.cz,8,cze_extra_cz,extra.cz,,"DNR 2016, p. 67"
CZE,,2016,online,Reflex.cz,7,cze_reflex_cz,reflex.cz,,"DNR 2016, p. 67"
POL,,2016,offline,RMF FM news,44,pol_rmf_fm,,,"DNR 2016, p. 69"
POL,,2016,offline,"TVN news (inc. TVN 24, TVN 23 Biznes i Świat)",43,pol_tvn,,,"DNR 2016, p. 69"
POL,,2016,offline,"TVP news (inc. TVP Info, TVP1 and TVP2)",37,pol_tvp,,,"DNR 2016, p. 69"
POL,,2016,offline,Radio Zet news,32,pol_radio_zet,,,"DNR 2016, p. 69"
POL,,2016,offline,Polsat news,29,pol_polsat,,,"DNR 2016, p. 69"
POL,,2016,offline,Gazeta Wyborcza,25,pol_gazeta_wyborcza,,,"DNR 2016, p. 69"
POL,,2016,offline,Fakt,18,pol_fakt,,,"DNR 2016, p. 69"
POL,,2016,offline,Regional or local newspaper,17,pol_local_newspaper,,"generic category, not a single outlet","DNR 2016, p. 69"
POL,,2016,offline,Polskie Radio news,15,pol_polskie_radio,,,"DNR 2016, p. 69"
POL,,2016,offline,Super Express,12,pol_super_express,,,"DNR 2016, p. 69"
POL,,2016,offline,Rzeczpospolita,11,pol_rzeczpospolita,,,"DNR 2016, p. 69"
POL,,2016,offline,Newsweek Polska,11,pol_newsweek_polska,,,"DNR 2016, p. 69"
POL,,2016,offline,Wprost,10,pol_wprost,,,"DNR 2016, p. 69"
POL,,2016,offline,Dziennik Gazeta Prawna,9,pol_dziennik_gazeta_prawna,,,"DNR 2016, p. 69"
POL,,2016,offline,Polityka,8,pol_polityka,,,"DNR 2016, p. 69"
POL,,2016,offline,Tok FM news,8,pol_tok_fm,,,"DNR 2016, p. 69"
POL,,2016,online,Onet news,60,pol_onet,,,"DNR 2016, p. 69"
POL,,2016,online,WP news,52,pol_wp,,,"DNR 2016, p. 69"
POL,,2016,online,TVN news online,51,pol_tvn,,,"DNR 2016, p. 69"
POL,,2016,online,Interia news,34,pol_interia,,,"DNR 2016, p. 69"
POL,,2016,online,Gazeta.pl,29,pol_gazeta_pl,gazeta.pl,"Agora portal, distinct from wyborcza.pl","DNR 2016, p. 69"
POL,,2016,online,Wyborcza.pl,25,pol_gazeta_wyborcza,wyborcza.pl,,"DNR 2016, p. 69"
POL,,2016,online,Fakt online,23,pol_fakt,,,"DNR 2016, p. 69"
POL,,2016,online,Polsat news online,21,pol_polsat,,,"DNR 2016, p. 69"
POL,,2016,online,Newsweek Polska online,16,pol_newsweek_polska,,,"DNR 2016, p. 69"
POL,,2016,online,Gazeta Prawna online,14,pol_dziennik_gazeta_prawna,,,"DNR 2016, p. 69"
POL,,2016,online,Regional or local paper website,13,pol_local_newspaper,,"generic category, not a single outlet","DNR 2016, p. 69"
POL,,2016,online,Rzeczpospolita online,12,pol_rzeczpospolita,,,"DNR 2016, p. 69"
POL,,2016,online,Wprost online,12,pol_wprost,,,"DNR 2016, p. 69"
POL,,2016,online,Dziennik.pl,12,pol_dziennik_pl,dziennik.pl,,"DNR 2016, p. 69"
POL,,2016,online,TVP News Online,11,pol_tvp,,,"DNR 2016, p. 69"
POL,,2016,online,Ipla.tv,11,pol_ipla_tv,ipla.tv,,"DNR 2016, p. 69"
POL,,2016,online,Polityka online,11,pol_polityka,,,"DNR 2016, p. 69"
GRC,,2016,offline,Alpha TV news,50,grc_alpha_tv,,,"DNR 2016, p. 71"
GRC,,2016,offline,Skai news (inc. radio),48,grc_skai,,,"DNR 2016, p. 71"
GRC,,2016,offline,ANT1 news,44,grc_ant1,,,"DNR 2016, p. 71"
GRC,,2016,offline,Mega news,43,grc_mega,,,"DNR 2016, p. 71"
GRC,,2016,offline,ERT news,38,grc_ert,,,"DNR 2016, p. 71"
GRC,,2016,offline,Star news,38,grc_star,,,"DNR 2016, p. 71"
GRC,,2016,offline,Real news,20,grc_real_news,,,"DNR 2016, p. 71"
GRC,,2016,offline,Real 97.8 FM news,19,grc_real_fm,,,"DNR 2016, p. 71"
GRC,,2016,offline,Proto Thema,17,grc_proto_thema,,,"DNR 2016, p. 71"
GRC,,2016,offline,Epsilon news,15,grc_epsilon,,,"DNR 2016, p. 71"
GRC,,2016,offline,Kathimerini,14,grc_kathimerini,,,"DNR 2016, p. 71"
GRC,,2016,offline,To Vima,13,grc_to_vima,,,"DNR 2016, p. 71"
GRC,,2016,offline,BBC News,13,grc_bbc,,,"DNR 2016, p. 71"
GRC,,2016,offline,Ta Nea,12,grc_ta_nea,,,"DNR 2016, p. 71"
GRC,,2016,offline,CNN,11,grc_cnn,,,"DNR 2016, p. 71"
GRC,,2016,offline,Makedonia TV,8,grc_makedonia_tv,,,"DNR 2016, p. 71"
GRC,,2016,online,Newsbomb.gr,34,grc_newsbomb_gr,newsbomb.gr,,"DNR 2016, p. 71"
GRC,,2016,online,In.gr,33,grc_in_gr,in.gr,,"DNR 2016, p. 71"
GRC,,2016,online,Zougla.gr,29,grc_zougla_gr,zougla.gr,,"DNR 2016, p. 71"
GRC,,2016,online,Enikos.gr,28,grc_enikos_gr,enikos.gr,,"DNR 2016, p. 71"
GRC,,2016,online,News247.gr,28,grc_news247_gr,news247.gr,,"DNR 2016, p. 71"
GRC,,2016,online,Yahoo News,27,grc_yahoo,,,"DNR 2016, p. 71"
GRC,,2016,online,Newsit.gr,25,grc_newsit_gr,newsit.gr,,"DNR 2016, p. 71"
GRC,,2016,online,Skai News online,25,grc_skai,,,"DNR 2016, p. 71"
GRC,,2016,online,Proto Thema online,24,grc_proto_thema,,,"DNR 2016, p. 71"
GRC,,2016,online,tro-ma-kti-ko.blogspot.com,24,grc_tro_ma_kti_ko_blogspot_com,tro-ma-kti-ko.blogspot.com,"blog hosted on blogspot.com; registered domain is blogspot.com, site identified by subdomain","DNR 2016, p. 71"
GRC,,2016,online,Kathimerini online,22,grc_kathimerini,,,"DNR 2016, p. 71"
GRC,,2016,online,Lifo.gr,20,grc_lifo_gr,lifo.gr,,"DNR 2016, p. 71"
GRC,,2016,online,Naftemporiki Online,20,grc_naftemporiki,,,"DNR 2016, p. 71"
GRC,,2016,online,Capital.gr,19,grc_capital_gr,capital.gr,,"DNR 2016, p. 71"
GRC,,2016,online,Newsbeast.gr,19,grc_newsbeast_gr,newsbeast.gr,,"DNR 2016, p. 71"
GRC,,2016,online,Mega online,19,grc_mega,,,"DNR 2016, p. 71"
TUR,,2016,offline,Fox TV news,60,tur_fox_tv,,"Urban sample: 'Data are from urban Turkey, rather than a fully nationally representative sample. This will tend to represent richer and more connected users.' (DNR 2016, p. 72)","DNR 2016, p. 73"
TUR,,2016,offline,Kanal D news,48,tur_kanal_d,,"Urban sample: 'Data are from urban Turkey, rather than a fully nationally representative sample. This will tend to represent richer and more connected users.' (DNR 2016, p. 72)","DNR 2016, p. 73"
TUR,,2016,offline,CNN Türk,47,tur_cnn_turk,,"Urban sample: 'Data are from urban Turkey, rather than a fully nationally representative sample. This will tend to represent richer and more connected users.' (DNR 2016, p. 72)","DNR 2016, p. 73"
TUR,,2016,offline,NTV,47,tur_ntv,,"Urban sample: 'Data are from urban Turkey, rather than a fully nationally representative sample. This will tend to represent richer and more connected users.' (DNR 2016, p. 72)","DNR 2016, p. 73"
TUR,,2016,offline,Hürriyet,45,tur_hurriyet,,"Urban sample: 'Data are from urban Turkey, rather than a fully nationally representative sample. This will tend to represent richer and more connected users.' (DNR 2016, p. 72)","DNR 2016, p. 73"
TUR,,2016,offline,ATV news,40,tur_atv,,"Urban sample: 'Data are from urban Turkey, rather than a fully nationally representative sample. This will tend to represent richer and more connected users.' (DNR 2016, p. 72)","DNR 2016, p. 73"
TUR,,2016,offline,Star TV news,40,tur_star_tv,,"Urban sample: 'Data are from urban Turkey, rather than a fully nationally representative sample. This will tend to represent richer and more connected users.' (DNR 2016, p. 72)","DNR 2016, p. 73"
TUR,,2016,offline,Show TV news,38,tur_show_tv,,"Urban sample: 'Data are from urban Turkey, rather than a fully nationally representative sample. This will tend to represent richer and more connected users.' (DNR 2016, p. 72)","DNR 2016, p. 73"
TUR,,2016,offline,TRT news,36,tur_trt,,"Urban sample: 'Data are from urban Turkey, rather than a fully nationally representative sample. This will tend to represent richer and more connected users.' (DNR 2016, p. 72)","DNR 2016, p. 73"
TUR,,2016,offline,Sözcü,35,tur_sozcu,,"Urban sample: 'Data are from urban Turkey, rather than a fully nationally representative sample. This will tend to represent richer and more connected users.' (DNR 2016, p. 72)","DNR 2016, p. 73"
TUR,,2016,offline,Milliyet,34,tur_milliyet,,"Urban sample: 'Data are from urban Turkey, rather than a fully nationally representative sample. This will tend to represent richer and more connected users.' (DNR 2016, p. 72)","DNR 2016, p. 73"
TUR,,2016,offline,Habertürk TV news,33,tur_haberturk_tv,,"Urban sample: 'Data are from urban Turkey, rather than a fully nationally representative sample. This will tend to represent richer and more connected users.' (DNR 2016, p. 72)","DNR 2016, p. 73"
TUR,,2016,offline,Posta,29,tur_posta,,"Urban sample: 'Data are from urban Turkey, rather than a fully nationally representative sample. This will tend to represent richer and more connected users.' (DNR 2016, p. 72)","DNR 2016, p. 73"
TUR,,2016,offline,Sabah,29,tur_sabah,,"Urban sample: 'Data are from urban Turkey, rather than a fully nationally representative sample. This will tend to represent richer and more connected users.' (DNR 2016, p. 72)","DNR 2016, p. 73"
TUR,,2016,offline,Cumhuriyet,23,tur_cumhuriyet,,"Urban sample: 'Data are from urban Turkey, rather than a fully nationally representative sample. This will tend to represent richer and more connected users.' (DNR 2016, p. 72)","DNR 2016, p. 73"
TUR,,2016,offline,Halk TV news,19,tur_halk_tv,,"Urban sample: 'Data are from urban Turkey, rather than a fully nationally representative sample. This will tend to represent richer and more connected users.' (DNR 2016, p. 72)","DNR 2016, p. 73"
TUR,,2016,online,CNN Türk online,37,tur_cnn_turk,,"Urban sample: 'Data are from urban Turkey, rather than a fully nationally representative sample. This will tend to represent richer and more connected users.' (DNR 2016, p. 72)","DNR 2016, p. 73"
TUR,,2016,online,Mynet news,36,tur_mynet,,"Urban sample: 'Data are from urban Turkey, rather than a fully nationally representative sample. This will tend to represent richer and more connected users.' (DNR 2016, p. 72)","DNR 2016, p. 73"
TUR,,2016,online,Hürriyet online,35,tur_hurriyet,,"Urban sample: 'Data are from urban Turkey, rather than a fully nationally representative sample. This will tend to represent richer and more connected users.' (DNR 2016, p. 72)","DNR 2016, p. 73"
TUR,,2016,online,NTV online,33,tur_ntv,,"Urban sample: 'Data are from urban Turkey, rather than a fully nationally representative sample. This will tend to represent richer and more connected users.' (DNR 2016, p. 72)","DNR 2016, p. 73"
TUR,,2016,online,Milliyet online,31,tur_milliyet,,"Urban sample: 'Data are from urban Turkey, rather than a fully nationally representative sample. This will tend to represent richer and more connected users.' (DNR 2016, p. 72)","DNR 2016, p. 73"
TUR,,2016,online,Haberler.com,31,tur_haberler_com,haberler.com,"Urban sample: 'Data are from urban Turkey, rather than a fully nationally representative sample. This will tend to represent richer and more connected users.' (DNR 2016, p. 72)","DNR 2016, p. 73"
TUR,,2016,online,Sözcü online,29,tur_sozcu,,"Urban sample: 'Data are from urban Turkey, rather than a fully nationally representative sample. This will tend to represent richer and more connected users.' (DNR 2016, p. 72)","DNR 2016, p. 73"
TUR,,2016,online,İnternethaber,22,tur_internethaber,,"Urban sample: 'Data are from urban Turkey, rather than a fully nationally representative sample. This will tend to represent richer and more connected users.' (DNR 2016, p. 72)","DNR 2016, p. 73"
TUR,,2016,online,Habertürk online,22,tur_haberturk,,"Urban sample: 'Data are from urban Turkey, rather than a fully nationally representative sample. This will tend to represent richer and more connected users.' (DNR 2016, p. 72)","DNR 2016, p. 73"
TUR,,2016,online,Sabah online,22,tur_sabah,,"Urban sample: 'Data are from urban Turkey, rather than a fully nationally representative sample. This will tend to represent richer and more connected users.' (DNR 2016, p. 72)","DNR 2016, p. 73"
TUR,,2016,online,Ahaber,20,tur_ahaber,,"Urban sample: 'Data are from urban Turkey, rather than a fully nationally representative sample. This will tend to represent richer and more connected users.' (DNR 2016, p. 72)","DNR 2016, p. 73"
TUR,,2016,online,Ensonhaber,20,tur_ensonhaber,,"Urban sample: 'Data are from urban Turkey, rather than a fully nationally representative sample. This will tend to represent richer and more connected users.' (DNR 2016, p. 72)","DNR 2016, p. 73"
TUR,,2016,online,Haber7,17,tur_haber7,,"Urban sample: 'Data are from urban Turkey, rather than a fully nationally representative sample. This will tend to represent richer and more connected users.' (DNR 2016, p. 72)","DNR 2016, p. 73"
TUR,,2016,online,Cumhuriyet online,17,tur_cumhuriyet,,"Urban sample: 'Data are from urban Turkey, rather than a fully nationally representative sample. This will tend to represent richer and more connected users.' (DNR 2016, p. 72)","DNR 2016, p. 73"
TUR,,2016,online,TRT news online,15,tur_trt,,"Urban sample: 'Data are from urban Turkey, rather than a fully nationally representative sample. This will tend to represent richer and more connected users.' (DNR 2016, p. 72)","DNR 2016, p. 73"
TUR,,2016,online,CNN International online,15,tur_cnn_international,,"Urban sample: 'Data are from urban Turkey, rather than a fully nationally representative sample. This will tend to represent richer and more connected users.' (DNR 2016, p. 72)","DNR 2016, p. 73"
CAN,english-speaking,2016,offline,CTV news,35,can_ctv,,DNR reports English-speaking and French-speaking lists separately,"DNR 2016, p. 81"
CAN,english-speaking,2016,offline,Global news,32,can_global,,DNR reports English-speaking and French-speaking lists separately,"DNR 2016, p. 81"
CAN,english-speaking,2016,offline,CBC news,29,can_cbc,,DNR reports English-speaking and French-speaking lists separately,"DNR 2016, p. 81"
CAN,english-speaking,2016,offline,Local radio news,23,can_local_radio,,"generic category, not a single outlet; DNR reports English-speaking and French-speaking lists separately","DNR 2016, p. 81"
CAN,english-speaking,2016,offline,CNN,22,can_cnn,,DNR reports English-speaking and French-speaking lists separately,"DNR 2016, p. 81"
CAN,english-speaking,2016,offline,CityTV News,20,can_citytv,,DNR reports English-speaking and French-speaking lists separately,"DNR 2016, p. 81"
CAN,english-speaking,2016,offline,Local daily newspaper,15,can_local_newspaper,,"generic category, not a single outlet; DNR reports English-speaking and French-speaking lists separately","DNR 2016, p. 81"
CAN,english-speaking,2016,offline,Toronto Star,13,can_toronto_star,,DNR reports English-speaking and French-speaking lists separately,"DNR 2016, p. 81"
CAN,english-speaking,2016,online,CBC News online,28,can_cbc,,DNR reports English-speaking and French-speaking lists separately,"DNR 2016, p. 81"
CAN,english-speaking,2016,online,CTV News online,25,can_ctv,,DNR reports English-speaking and French-speaking lists separately,"DNR 2016, p. 81"
CAN,english-speaking,2016,online,Yahoo News,22,can_yahoo,,DNR reports English-speaking and French-speaking lists separately,"DNR 2016, p. 81"
CAN,english-speaking,2016,online,Huffington Post,21,can_huffington_post,,DNR reports English-speaking and French-speaking lists separately,"DNR 2016, p. 81"
CAN,english-speaking,2016,online,Global News online,18,can_global,,DNR reports English-speaking and French-speaking lists separately,"DNR 2016, p. 81"
CAN,english-speaking,2016,online,MSN News,18,can_msn,,DNR reports English-speaking and French-speaking lists separately,"DNR 2016, p. 81"
CAN,english-speaking,2016,online,CNN online,18,can_cnn,,DNR reports English-speaking and French-speaking lists separately,"DNR 2016, p. 81"
CAN,english-speaking,2016,online,BuzzFeed News,15,can_buzzfeed,,DNR reports English-speaking and French-speaking lists separately,"DNR 2016, p. 81"
CAN,french-speaking,2016,offline,TVA/LCN news,64,can_tva,,DNR reports English-speaking and French-speaking lists separately,"DNR 2016, p. 81"
CAN,french-speaking,2016,offline,Radio-Canada/RDI news,46,can_radio_canada_rdi,,DNR reports English-speaking and French-speaking lists separately,"DNR 2016, p. 81"
CAN,french-speaking,2016,offline,Journal de Montréal/de Québec,31,can_journal_de_montreal_de_quebec,,DNR reports English-speaking and French-speaking lists separately,"DNR 2016, p. 81"
CAN,french-speaking,2016,offline,Local or regional weekly,18,can_local_weekly,,"generic category, not a single outlet; DNR reports English-speaking and French-speaking lists separately","DNR 2016, p. 81"
CAN,french-speaking,2016,offline,Local radio news,14,can_local_radio,,"generic category, not a single outlet; DNR reports English-speaking and French-speaking lists separately","DNR 2016, p. 81"
CAN,french-speaking,2016,offline,La Presse,11,can_la_presse,,DNR reports English-speaking and French-speaking lists separately,"DNR 2016, p. 81"
CAN,french-speaking,2016,offline,24 hours,9,can_24_hours,,DNR reports English-speaking and French-speaking lists separately,"DNR 2016, p. 81"
CAN,french-speaking,2016,offline,Métro,9,can_metro,,DNR reports English-speaking and French-speaking lists separately,"DNR 2016, p. 81"
CAN,french-speaking,2016,online,TVA News online,39,can_tva,,DNR reports English-speaking and French-speaking lists separately,"DNR 2016, p. 81"
CAN,french-speaking,2016,online,La Presse online,24,can_la_presse,,DNR reports English-speaking and French-speaking lists separately,"DNR 2016, p. 81"
CAN,french-speaking,2016,online,Radio-Canada/RDI News online,24,can_radio_canada_rdi,,DNR reports English-speaking and French-speaking lists separately,"DNR 2016, p. 81"
CAN,french-speaking,2016,online,Journal de Montréal/de Québec online,23,can_journal_de_montreal_de_quebec,,DNR reports English-speaking and French-speaking lists separately,"DNR 2016, p. 81"
CAN,french-speaking,2016,online,MSN News,17,can_msn,,DNR reports English-speaking and French-speaking lists separately,"DNR 2016, p. 81"
CAN,french-speaking,2016,online,Canoe.com,15,can_canoe_com,canoe.com,DNR reports English-speaking and French-speaking lists separately,"DNR 2016, p. 81"
CAN,french-speaking,2016,online,Local radio news online,11,can_local_radio,,"generic category, not a single outlet; DNR reports English-speaking and French-speaking lists separately","DNR 2016, p. 81"
CAN,french-speaking,2016,online,Huffington Post,10,can_huffington_post_quebec,,Huffington Post Québec edition; DNR reports English-speaking and French-speaking lists separately,"DNR 2016, p. 81"
