domain	year	live	used_in_csv
20min.ch	2016	yes	yes
20min.ch	2017	yes	yes
20min.ch	2018	yes	yes
20min.ch	2019	yes	yes
20min.ch	2020	?	yes
20min.ch	2021	yes	yes
20min.ch	2022	yes	yes
20min.ch	2023	yes	yes
20min.ch	2024	yes	yes
20min.ch	2025	yes	yes
20min.ch	2026	yes	yes
20minuten.ch	2016	yes	no
20minuten.ch	2017	yes	no
20minuten.ch	2018	yes	no
20minuten.ch	2019	yes	no
20minuten.ch	2020	yes	no
20minuten.ch	2021	yes	no
20minuten.ch	2022	yes	no
20minuten.ch	2023	yes	no
20minuten.ch	2024	yes	no
20minuten.ch	2025	yes	no
20minuten.ch	2026	yes	no
24heures.ch	2016	yes	yes
24heures.ch	2017	yes	yes
24heures.ch	2018	yes	yes
24heures.ch	2019	yes	yes
24heures.ch	2020	yes	yes
24heures.ch	2021	yes	yes
24heures.ch	2022	yes	yes
24heures.ch	2023	yes	yes
24heures.ch	2024	yes	yes
24heures.ch	2025	yes	yes
24heures.ch	2026	yes	yes
arcinfo.ch	2021	yes	yes
arcinfo.ch	2022	yes	yes
bbc.co.uk	2018	yes	yes
bbc.co.uk	2021	yes	yes
bbc.co.uk	2022	yes	yes
bbc.co.uk	2023	yes	yes
bbc.co.uk	2024	yes	yes
bbc.co.uk	2025	yes	yes
bbc.co.uk	2026	yes	yes
blick.ch	2016	yes	yes
blick.ch	2017	yes	yes
blick.ch	2018	yes	yes
blick.ch	2019	yes	yes
blick.ch	2020	yes	yes
blick.ch	2021	yes	yes
blick.ch	2022	yes	yes
blick.ch	2023	yes	yes
blick.ch	2024	yes	yes
blick.ch	2025	yes	yes
blick.ch	2026	yes	yes
blickamabend.ch	2016	yes	no
blickamabend.ch	2017	yes	yes
blickamabend.ch	2018	yes	no
blickamabend.ch	2019	yes	no
blickamabend.ch	2020	yes	no
blickamabend.ch	2021	yes	no
blickamabend.ch	2022	yes	no
blickamabend.ch	2023	yes	no
blickamabend.ch	2024	yes	no
blickamabend.ch	2025	yes	no
blickamabend.ch	2026	yes	no
bluenews.ch	2016	NO	no
bluenews.ch	2017	NO	no
bluenews.ch	2018	NO	no
bluenews.ch	2019	NO	no
bluenews.ch	2020	yes	no
bluenews.ch	2021	yes	no
bluenews.ch	2022	yes	no
bluenews.ch	2023	?	no
bluenews.ch	2024	yes	no
bluenews.ch	2025	yes	no
bluenews.ch	2026	yes	no
bluewin.ch	2016	yes	yes
bluewin.ch	2017	yes	yes
bluewin.ch	2018	yes	yes
bluewin.ch	2019	yes	yes
bluewin.ch	2020	yes	yes
bluewin.ch	2021	yes	yes
bluewin.ch	2022	yes	yes
bluewin.ch	2023	yes	yes
bluewin.ch	2024	yes	yes
bluewin.ch	2025	yes	yes
bluewin.ch	2026	yes	yes
cnn.com	2018	yes	yes
cnn.com	2019	yes	yes
cnn.com	2020	yes	yes
cnn.com	2021	yes	yes
cnn.com	2022	yes	yes
cnn.com	2024	yes	yes
cnn.com	2025	yes	yes
cnn.com	2026	yes	yes
gmx.ch	2017	yes	yes
gmx.ch	2018	yes	yes
gmx.ch	2019	yes	yes
gmx.ch	2020	yes	yes
gmx.ch	2021	yes	yes
gmx.ch	2022	yes	yes
gmx.ch	2023	yes	yes
gmx.ch	2024	yes	yes
gmx.ch	2025	yes	yes
gmx.ch	2026	yes	yes
laliberte.ch	2020	yes	yes
laliberte.ch	2021	yes	yes
lematin.ch	2016	yes	yes
lematin.ch	2017	yes	yes
lematin.ch	2018	yes	yes
lematin.ch	2019	yes	yes
lematin.ch	2020	yes	yes
lematin.ch	2021	yes	yes
lematin.ch	2022	yes	yes
lematin.ch	2023	yes	yes
lematin.ch	2024	yes	yes
lematin.ch	2025	yes	yes
lematin.ch	2026	yes	yes
lematindimanche.ch	2016	yes	no
lematindimanche.ch	2017	yes	no
lematindimanche.ch	2018	yes	no
lematindimanche.ch	2019	yes	no
lematindimanche.ch	2020	yes	no
lematindimanche.ch	2021	yes	no
lematindimanche.ch	2022	yes	no
lematindimanche.ch	2023	yes	no
lematindimanche.ch	2024	yes	no
lematindimanche.ch	2025	yes	no
lematindimanche.ch	2026	yes	no
lemonde.fr	2018	yes	yes
lemonde.fr	2019	yes	yes
lemonde.fr	2020	yes	yes
lenouvelliste.ch	2017	yes	yes
lenouvelliste.ch	2018	yes	yes
lenouvelliste.ch	2019	yes	yes
lenouvelliste.ch	2020	yes	yes
lenouvelliste.ch	2021	yes	yes
lenouvelliste.ch	2022	yes	yes
lenouvelliste.ch	2023	yes	yes
lenouvelliste.ch	2024	yes	yes
lenouvelliste.ch	2026	yes	yes
letemps.ch	2018	yes	yes
letemps.ch	2019	yes	yes
letemps.ch	2020	yes	yes
letemps.ch	2021	yes	yes
letemps.ch	2022	yes	yes
letemps.ch	2023	yes	yes
letemps.ch	2024	yes	yes
letemps.ch	2025	yes	yes
letemps.ch	2026	yes	yes
luzernerzeitung.ch	2020	yes	yes
msn.com	2017	yes	yes
msn.com	2018	yes	yes
msn.com	2019	yes	yes
msn.com	2020	yes	yes
msn.com	2021	yes	yes
msn.com	2023	yes	yes
msn.com	2024	yes	yes
msn.com	2025	yes	yes
nau.ch	2016	yes	no
nau.ch	2017	yes	no
nau.ch	2018	yes	no
nau.ch	2019	yes	no
nau.ch	2020	yes	yes
nau.ch	2021	yes	yes
nau.ch	2022	yes	yes
nau.ch	2023	yes	yes
nau.ch	2024	yes	yes
nau.ch	2025	yes	yes
nau.ch	2026	yes	yes
nzz.ch	2016	yes	yes
nzz.ch	2017	yes	yes
nzz.ch	2018	yes	yes
nzz.ch	2019	yes	yes
nzz.ch	2020	yes	yes
nzz.ch	2021	yes	yes
nzz.ch	2022	yes	yes
nzz.ch	2023	yes	yes
nzz.ch	2024	yes	yes
nzz.ch	2025	yes	yes
nzz.ch	2026	yes	yes
rts.ch	2016	yes	yes
rts.ch	2017	yes	yes
rts.ch	2018	yes	yes
rts.ch	2019	yes	yes
rts.ch	2020	yes	yes
rts.ch	2021	yes	yes
rts.ch	2022	yes	yes
rts.ch	2023	yes	yes
rts.ch	2024	yes	yes
rts.ch	2025	yes	yes
rts.ch	2026	yes	yes
sonntagsblick.ch	2016	yes	no
sonntagsblick.ch	2017	yes	no
sonntagsblick.ch	2018	yes	no
sonntagsblick.ch	2019	yes	no
sonntagsblick.ch	2020	yes	no
sonntagsblick.ch	2021	yes	no
sonntagsblick.ch	2022	yes	no
sonntagsblick.ch	2023	yes	no
sonntagsblick.ch	2024	yes	no
sonntagsblick.ch	2025	yes	no
sonntagsblick.ch	2026	yes	no
sonntagszeitung.ch	2016	yes	no
sonntagszeitung.ch	2017	yes	no
sonntagszeitung.ch	2018	yes	yes
sonntagszeitung.ch	2019	yes	yes
sonntagszeitung.ch	2020	yes	no
sonntagszeitung.ch	2021	yes	yes
sonntagszeitung.ch	2022	yes	no
sonntagszeitung.ch	2023	yes	yes
sonntagszeitung.ch	2024	yes	yes
sonntagszeitung.ch	2025	yes	yes
sonntagszeitung.ch	2026	yes	yes
spiegel.de	2018	yes	yes
srf.ch	2016	yes	yes
srf.ch	2017	yes	yes
srf.ch	2018	yes	yes
srf.ch	2019	yes	yes
srf.ch	2020	yes	yes
srf.ch	2021	yes	yes
srf.ch	2022	yes	yes
srf.ch	2023	yes	yes
srf.ch	2024	yes	yes
srf.ch	2025	yes	yes
srf.ch	2026	yes	yes
tagesanzeiger.ch	2016	yes	yes
tagesanzeiger.ch	2017	yes	yes
tagesanzeiger.ch	2018	yes	yes
tagesanzeiger.ch	2019	yes	yes
tagesanzeiger.ch	2020	yes	yes
tagesanzeiger.ch	2021	yes	yes
tagesanzeiger.ch	2022	yes	yes
tagesanzeiger.ch	2023	yes	yes
tagesanzeiger.ch	2024	yes	yes
tagesanzeiger.ch	2025	yes	yes
tagesanzeiger.ch	2026	yes	yes
tdg.ch	2016	yes	yes
tdg.ch	2017	yes	yes
tdg.ch	2018	yes	yes
tdg.ch	2019	yes	yes
tdg.ch	2020	yes	yes
tdg.ch	2021	yes	yes
tdg.ch	2022	yes	yes
tdg.ch	2023	yes	yes
tdg.ch	2024	yes	yes
tdg.ch	2025	yes	yes
tdg.ch	2026	yes	yes
teletext.ch	2016	yes	yes
teletext.ch	2017	yes	yes
teletext.ch	2018	yes	yes
teletext.ch	2019	yes	yes
teletext.ch	2020	yes	yes
teletext.ch	2021	yes	yes
teletext.ch	2022	yes	yes
teletext.ch	2023	yes	yes
teletext.ch	2024	yes	yes
teletext.ch	2025	yes	yes
teletext.ch	2026	yes	yes
watson.ch	2016	yes	no
watson.ch	2017	yes	yes
watson.ch	2018	yes	yes
watson.ch	2019	yes	yes
watson.ch	2020	yes	yes
watson.ch	2021	yes	yes
watson.ch	2022	yes	yes
watson.ch	2023	yes	yes
watson.ch	2024	yes	yes
watson.ch	2025	yes	yes
watson.ch	2026	yes	yes
yahoo.com	2016	?	yes
yahoo.com	2017	yes	yes
yahoo.com	2018	yes	yes
yahoo.com	2019	?	yes
yahoo.com	2020	?	yes
yahoo.com	2021	?	yes
yahoo.com	2023	?	yes
yahoo.com	2024	?	yes
yahoo.com	2025	?	yes
yahoo.com	2026	?	yes
